AGNO,COD_COM_RBD,COD_DEPE2,RURAL_RBD,COD_ENSE,COD_GRADO,MRUN,GEN_ALU,EDAD_ALU,COD_COM_ALU,PROM_GRAL,ASISTENCIA,SIT_FIN_R,PROM_GRAL_ANTERIOR,ASISTENCIA_ANTERIOR,EE_GRATUITO,PRIORITARIO_ALU,PREFERENTE_ALU,BEN_SEP,DESERTAR
2021,13126,2,0,310,3,7372226,1,16.0,13126,6.7,100,P,,,1,1,0,1,0
2018,13111,2,0,310,3,17120174,1,16.0,13111,5.9,98,P,,,0,0,1,0,0
2024,16107,1,0,410,3,11436476,2,16.0,16107,5.9,90,P,,,1,1,0,1,0
2021,5109,2,0,410,4,19770429,2,17.0,5109,5.4,85,P,5.3,100.0,1,1,0,1,0
2024,5401,2,0,310,3,9794113,2,16.0,5401,5.8,84,P,,,0,0,1,0,0
2024,13127,2,0,510,3,7628912,1,17.0,13127,5.7,98,P,,,1,1,0,1,0
2018,13402,2,0,310,3,15341139,1,16.0,13402,6.0,93,P,,,1,1,0,1,0
2018,13112,2,0,310,3,5054748,2,16.0,13112,4.8,98,P,,,1,1,0,1,0
2024,10203,1,0,510,4,18319202,1,17.0,10208,5.5,91,P,5.6,95.0,1,1,0,1,0
2021,5801,1,0,610,4,17676987,2,18.0,5801,5.5,85,P,5.5,100.0,1,0,1,1,0
2023,2201,2,0,310,4,3748761,2,17.0,2201,5.7,91,P,5.8,93.0,0,0,1,0,0
2023,13109,2,0,610,4,20664893,2,17.0,13401,5.6,91,P,6.4,97.0,1,1,0,1,0
2021,7301,1,0,310,4,20068246,2,17.0,7307,6.7,95,P,7.0,100.0,1,1,0,1,0
2023,13101,1,0,310,3,17277853,1,16.0,13101,6.4,95,P,,,1,0,1,1,0
2023,2101,1,0,610,3,21895105,2,16.0,2101,6.4,99,P,,,1,1,0,1,0
2017,13123,1,0,310,3,24568452,1,16.0,13105,5.5,90,P,,,1,1,0,1,0
2019,13119,1,0,310,4,18523515,2,18.0,13119,6.4,88,P,6.1,95.0,1,1,0,1,0
2020,5803,1,0,610,4,6199612,1,18.0,5803,4.8,85,P,4.9,88.0,1,1,0,1,0
2023,10402,1,1,310,3,19366823,2,18.0,10402,5.3,74,P,,,1,1,0,1,0
2024,5101,2,0,310,3,24456999,1,16.0,5101,6.7,99,P,,,0,1,0,1,0
2023,13201,2,0,310,3,2634018,2,16.0,13201,5.9,90,P,,,1,1,0,1,0
2023,8105,5,0,410,4,2846425,2,18.0,8105,6.4,98,P,6.4,99.0,1,1,0,1,0
2017,13127,2,0,310,4,14152673,2,17.0,13108,5.9,94,P,,,1,0,1,1,0
2024,8304,2,0,310,3,1029381,2,16.0,8304,6.3,89,P,,,1,0,1,1,0
2021,9101,2,0,310,3,3993839,1,17.0,9101,6.2,100,P,,,1,1,0,0,0
2022,13201,2,0,510,3,8453442,2,16.0,13201,5.5,88,P,,,1,0,1,1,0
2018,14103,1,0,310,3,799089,1,16.0,14103,4.8,98,R,,,1,0,1,1,0
2024,13101,1,0,410,3,2244519,1,16.0,13127,6.5,94,P,,,1,1,0,1,0
2022,6115,1,0,410,3,20597754,1,16.0,6115,5.8,99,P,,,1,1,0,1,0
2020,13601,1,0,510,3,24182003,2,18.0,6101,6.0,100,P,,,1,1,0,1,0
2019,6101,4,0,610,4,15204148,2,17.0,6101,6.1,92,P,5.4,94.0,1,1,0,0,0
2018,13115,2,0,310,3,16833875,1,17.0,13115,5.3,97,P,,,1,0,1,1,0
2019,7109,1,0,310,3,12604115,2,16.0,7109,5.6,87,P,,,1,1,0,1,0
2021,16101,4,0,610,3,9773717,2,16.0,16101,4.9,85,P,,,1,0,1,0,0
2019,13119,2,0,310,3,14842473,2,16.0,13124,6.0,93,P,,,0,0,1,0,0
2021,1101,1,0,310,3,15308790,1,16.0,1101,5.8,100,P,,,1,0,1,1,0
2024,13120,2,0,310,4,1731,1,17.0,13122,5.3,94,P,,,1,0,1,1,0
2021,14201,1,0,310,4,5951420,1,17.0,14201,6.3,100,P,6.2,100.0,1,0,1,1,0
2024,6116,2,0,310,4,5993365,2,18.0,6116,6.6,95,P,6.4,94.0,0,1,0,1,0
2024,2101,2,0,510,4,4837591,1,17.0,2101,5.2,95,P,4.5,95.0,0,1,0,1,0
2021,13129,5,0,410,3,9322634,2,17.0,13126,0.0,0,Y,,,1,1,0,1,1
2024,13106,2,0,410,3,16585708,2,16.0,13124,5.5,93,P,,,0,0,1,0,0
2021,3101,2,0,310,3,11992111,2,16.0,3101,6.8,99,P,,,0,0,1,0,0
2017,8107,2,0,310,3,4546325,2,16.0,8303,5.6,72,P,,,0,1,0,1,0
2017,7404,1,0,310,4,13412445,2,17.0,7404,6.1,92,P,6.3,95.0,1,1,0,1,0
2021,8107,2,0,310,4,24859447,2,17.0,8107,5.9,93,P,6.7,100.0,1,1,0,1,0
2017,13301,2,0,610,4,14964921,2,18.0,13301,5.4,75,P,,,0,1,0,1,0
2022,7201,2,0,310,3,11286966,2,16.0,7201,6.7,95,P,,,1,0,1,1,0
2017,13126,1,0,510,3,21186635,2,17.0,13103,5.6,92,P,,,1,0,1,1,0
2022,2201,1,0,310,4,8074359,2,17.0,2201,0.0,0,Y,4.6,85.0,1,1,0,1,1
2020,8108,2,0,310,4,3670911,2,17.0,8108,7.0,100,P,6.4,96.0,0,0,1,0,0
2024,5501,2,0,310,4,9515753,2,17.0,5501,6.6,89,P,5.9,84.0,0,1,0,1,0
2018,9101,4,0,510,4,8622514,1,17.0,9101,5.1,90,P,,,1,1,0,0,0
2020,5801,2,0,310,3,23721779,1,16.0,5801,6.9,90,P,,,1,0,1,1,0
2020,5502,4,0,510,4,5561622,1,19.0,5109,5.7,99,P,,,1,1,0,0,0
2023,10301,1,0,510,3,15842211,1,17.0,10301,5.7,95,P,,,1,1,0,1,0
2021,2201,1,0,410,3,4744898,1,16.0,2201,6.5,99,P,,,1,1,0,1,0
2017,1101,2,0,310,3,24539108,2,16.0,1107,6.0,97,P,,,0,0,1,0,0
2019,8301,2,0,310,3,15156826,1,16.0,8301,5.9,98,P,,,1,1,0,1,0
2020,13108,2,0,310,3,15021172,1,17.0,13104,6.6,100,P,,,1,1,0,1,0
2023,16101,2,1,310,4,18312698,1,17.0,16101,4.8,84,P,5.1,84.0,0,1,0,1,0
2024,7301,2,0,410,3,18306270,2,16.0,7301,6.0,92,P,,,0,1,0,1,0
2020,13201,2,0,310,3,8778167,2,18.0,13201,0.0,0,Y,,,1,1,0,1,1
2023,8302,1,0,310,4,23867818,1,17.0,8302,6.5,86,P,6.7,89.0,1,1,0,1,0
2017,1107,2,0,410,3,24930860,1,16.0,1107,5.0,70,P,,,0,1,0,1,0
2021,5301,2,0,510,4,2150020,1,19.0,5301,4.8,100,P,4.5,100.0,1,0,1,1,0
2024,8305,1,0,310,3,10976973,2,16.0,8305,5.6,91,P,,,1,1,0,1,0
2017,9101,2,0,310,3,22699069,2,17.0,9101,5.5,99,P,,,0,1,0,1,0
2024,13110,1,0,310,3,3629467,2,16.0,13129,6.6,98,P,,,1,0,1,1,0
2023,1101,2,0,310,4,12983983,1,18.0,1101,6.1,94,P,5.9,88.0,1,1,0,1,0
2017,13401,1,0,610,3,2335352,2,16.0,13401,5.0,88,P,,,1,1,0,1,0
2024,10101,1,0,610,3,13193501,2,17.0,10101,5.7,85,P,,,1,1,0,1,0
2022,13101,1,0,410,3,19889295,2,16.0,13104,6.1,91,P,,,1,1,0,1,0
2022,8102,1,0,310,3,3193073,1,16.0,8102,6.6,97,P,,,1,1,0,1,0
2023,13125,2,0,310,4,17508490,2,17.0,13104,6.2,93,P,6.3,89.0,1,1,0,1,0
2021,8110,1,0,310,3,6338436,1,16.0,8110,5.5,83,P,,,1,0,1,1,0
2019,8101,2,0,510,3,8896261,1,16.0,8303,6.2,95,P,,,0,0,1,0,0
2021,13127,4,0,510,4,11006505,1,18.0,13302,5.6,81,P,5.1,100.0,1,1,0,0,0
2020,8301,2,0,610,4,20607314,2,19.0,8306,4.6,85,P,5.5,99.0,1,1,0,1,0
2017,13301,1,0,310,3,5359525,2,16.0,13301,5.0,98,P,,,1,0,1,1,0
2018,13109,2,0,510,3,8358461,2,16.0,13131,6.2,100,P,,,1,1,0,1,0
2018,10101,1,0,310,4,10090070,2,18.0,10101,6.0,88,P,,,1,1,0,1,0
2020,5501,2,0,310,3,21317124,2,16.0,5502,5.1,100,P,,,0,0,1,0,0
2024,1101,2,0,310,4,17164719,1,17.0,1101,6.5,97,P,6.2,99.0,0,1,0,1,0
2020,13110,2,0,310,3,8609796,2,16.0,13110,5.3,99,P,,,0,0,1,0,0
2017,13404,1,1,310,3,16578707,1,16.0,13404,5.9,89,P,,,1,1,0,1,0
2024,13101,2,0,410,4,24021960,2,17.0,13126,6.2,82,P,5.6,83.0,1,0,1,1,0
2018,10205,1,0,410,4,18961146,2,18.0,10205,5.3,93,P,4.5,88.0,1,0,1,1,0
2018,13119,2,0,310,4,18649163,2,17.0,13122,5.1,90,P,4.9,93.0,0,1,0,0,0
2019,2301,1,0,310,3,8371304,2,16.0,2301,6.2,85,P,,,1,0,1,1,0
2017,13101,1,0,310,4,8519658,2,18.0,13124,5.8,81,P,5.6,82.0,1,0,1,1,0
2023,8203,2,0,510,3,11535665,1,16.0,8206,5.6,97,P,,,1,1,0,1,0
2021,5802,2,0,310,4,14488721,1,17.0,5802,5.8,91,P,6.1,85.0,1,0,1,1,0
2023,13127,2,0,410,3,15575980,1,16.0,13122,5.9,97,P,,,1,1,0,1,0
2018,7201,1,0,310,4,6718377,2,17.0,7201,5.9,85,P,5.5,85.0,1,1,0,1,0
2024,9108,1,0,310,3,18232720,1,17.0,9108,5.6,97,P,,,1,0,1,1,0
2017,9112,2,0,510,3,4988579,2,16.0,9112,5.4,96,P,,,1,1,0,1,0
2023,4102,2,0,310,4,3179655,1,17.0,4102,5.0,88,P,5.1,73.0,1,0,1,1,0
2022,13114,1,0,310,4,25132061,2,18.0,13127,5.1,94,P,,,1,0,1,1,0
2022,8102,1,0,310,4,22494013,2,17.0,8102,6.6,96,P,6.5,100.0,1,1,0,1,0
2018,6104,1,0,710,4,23957173,1,18.0,6104,4.5,62,P,5.0,87.0,1,1,0,1,0
2021,4303,1,0,310,3,1494070,2,16.0,4303,5.9,100,P,,,1,0,1,1,0
2021,5801,2,0,310,4,11908948,2,17.0,5801,5.8,85,P,5.9,90.0,1,0,1,1,0
2017,8101,2,0,310,3,3256720,2,16.0,8101,5.5,90,P,,,0,0,1,0,0
2021,13124,2,0,610,4,2734522,1,17.0,13124,5.4,57,P,5.3,100.0,1,0,1,1,0
2018,16109,1,0,310,4,20992684,2,17.0,16109,6.8,92,P,6.7,92.0,1,1,0,1,0
2019,6301,4,0,510,3,322563,1,16.0,6117,5.6,98,P,,,1,1,0,0,0
2020,13105,2,0,410,4,10932264,1,17.0,13102,5.0,85,P,5.6,91.0,1,0,1,1,0
2021,13119,1,0,310,3,2133778,2,16.0,13119,5.6,85,P,,,1,0,1,1,0
2024,1101,2,0,310,3,4995376,2,16.0,1101,6.7,100,P,,,1,0,1,1,0
2021,8110,1,0,410,3,18669766,2,17.0,8110,5.7,85,P,,,1,0,1,1,0
2020,16301,2,0,310,4,3964181,2,17.0,16301,7.0,100,P,6.8,96.0,1,1,0,1,0
2023,13201,2,0,310,4,21876839,2,17.0,13201,6.0,94,P,5.8,85.0,0,0,1,0,0
2022,9101,2,0,610,3,16579508,2,17.0,9101,5.8,100,P,,,1,1,0,1,0
2022,13124,2,0,310,4,8288302,1,17.0,13124,6.1,86,P,5.5,85.0,0,0,1,0,0
2018,13110,2,0,310,3,2631704,1,16.0,13110,5.2,93,P,,,0,0,1,0,0
2021,13101,2,0,310,4,1609879,2,17.0,13119,6.7,86,P,6.5,99.0,0,0,1,0,0
2017,4301,2,0,310,4,20131348,2,17.0,4301,5.1,93,P,5.3,91.0,1,0,1,1,0
2024,16104,1,0,310,4,473744,2,17.0,16104,6.6,91,P,6.3,94.0,1,1,0,1,0
2017,13120,4,0,510,4,15996271,1,17.0,13118,5.7,84,P,6.2,88.0,0,0,1,0,0
2019,5701,2,0,310,4,11837788,2,17.0,12101,5.4,88,P,4.8,89.0,0,0,1,0,0
2019,3101,2,0,510,3,11265727,1,17.0,3101,6.3,89,P,,,0,0,1,0,0
2024,13119,2,0,310,3,16567884,1,16.0,13119,6.7,95,P,,,0,1,0,0,0
2018,13123,1,0,310,4,1706847,1,17.0,13125,6.2,90,P,6.1,95.0,1,1,0,1,0
2019,2101,2,0,310,3,17696304,2,16.0,2101,6.2,95,P,,,0,0,1,0,0
2022,13126,2,0,410,4,20107785,2,17.0,13126,6.2,87,P,6.1,98.0,1,1,0,1,0
2020,12101,1,0,310,4,4358936,2,17.0,12101,6.4,100,P,6.3,88.0,1,0,1,1,0
2020,10109,2,1,610,4,9714453,1,17.0,10102,3.1,85,P,4.9,94.0,1,1,0,1,0
2022,16204,1,0,310,4,292529,1,17.0,16204,5.7,92,P,5.5,100.0,1,1,0,1,0
2024,9111,5,0,310,3,17835690,2,17.0,13121,5.5,88,P,,,1,1,0,1,0
2022,10201,1,0,410,4,19618513,1,18.0,10205,6.4,95,P,6.2,95.0,1,1,0,1,0
2022,8301,1,0,510,4,13683602,1,17.0,8301,5.8,91,P,6.3,94.0,1,0,1,1,0
2022,9203,1,0,610,3,15617086,2,18.0,9203,3.1,87,R,,,1,1,0,1,0
2023,13119,1,0,310,4,11977669,2,17.0,13119,5.8,80,P,5.6,71.0,1,0,1,1,0
2022,13131,1,0,510,3,6990321,2,16.0,13131,6.4,91,P,,,1,0,1,1,0
2019,5101,2,0,310,3,17402056,1,16.0,5101,4.7,86,P,,,0,1,0,1,0
2020,13503,1,0,310,4,7620298,1,18.0,13503,6.6,87,P,6.1,62.0,1,0,1,1,0
2017,7404,2,0,310,3,11092404,1,16.0,7404,5.1,100,P,,,1,1,0,1,0
2024,8111,1,0,310,4,4252233,1,17.0,8111,6.4,96,P,6.3,92.0,1,1,0,1,0
2018,10301,2,0,610,4,18155451,2,17.0,10301,4.8,66,R,4.6,86.0,1,1,0,1,0
2020,10306,2,1,610,4,8166006,2,17.0,10306,5.4,100,P,5.6,91.0,1,1,0,1,0
2019,9101,2,0,310,3,21894180,2,17.0,9101,4.9,96,P,,,0,1,0,0,0
2019,10102,1,0,310,4,23061514,2,18.0,10102,5.6,89,P,5.6,87.0,1,0,1,1,0
2018,13130,2,0,310,4,15420821,1,17.0,13130,5.0,91,P,5.5,95.0,1,0,1,1,0
2017,15101,2,0,310,4,19951700,1,17.0,15101,6.1,85,P,6.0,89.0,1,0,1,1,0
2018,12401,2,0,310,3,8234101,2,17.0,12101,5.5,89,P,,,1,0,1,1,0
2018,4202,1,0,310,4,16418068,1,17.0,4202,6.1,93,P,6.1,98.0,1,1,0,1,0
2019,8305,1,0,310,4,23897034,1,18.0,8305,5.4,86,P,4.8,87.0,1,0,1,1,0
2021,8102,1,0,310,3,10491051,2,17.0,8102,5.1,85,P,,,1,1,0,1,0
2022,5702,1,0,510,3,20376483,2,16.0,5702,6.6,98,P,,,1,1,0,1,0
2020,9101,2,0,510,3,5419317,1,16.0,9101,5.7,100,P,,,1,1,0,1,0
2021,5801,1,0,310,3,14671691,1,17.0,5801,0.0,0,Y,,,1,0,1,1,1
2024,13123,1,0,310,3,5107169,1,17.0,13107,5.9,87,P,,,1,1,0,1,0
2018,10101,1,0,310,4,12506819,1,17.0,10101,5.9,93,P,5.6,92.0,1,1,0,1,0
2022,10210,1,0,710,4,21696764,1,18.0,10210,4.9,96,P,4.9,100.0,1,1,0,1,0
2024,3101,2,0,510,3,18164902,1,17.0,3102,5.0,99,P,,,0,1,0,1,0
2023,5802,2,0,310,4,23863024,1,17.0,5101,6.1,86,P,5.6,92.0,1,1,0,1,0
2021,13120,1,0,610,4,17560654,2,17.0,13127,6.8,85,P,6.4,100.0,1,0,1,1,0
2017,8205,2,0,310,3,19088920,1,18.0,8205,4.4,87,R,4.7,96.0,1,0,1,1,0
2021,13601,1,0,310,4,15937757,2,17.0,13605,6.7,85,P,6.9,85.0,1,0,1,1,0
2021,8301,4,0,710,3,1626476,1,18.0,8303,5.5,85,P,,,1,1,0,0,0
2017,6101,1,0,610,3,8729190,2,16.0,6101,6.5,99,P,,,1,0,1,1,0
2022,13110,2,0,310,3,5506580,1,16.0,13402,6.5,96,P,,,1,0,1,1,0
2017,7301,2,0,310,4,12896552,2,18.0,7301,5.5,93,P,5.2,92.0,1,0,1,1,0
2019,16101,4,0,610,3,9882151,2,16.0,16101,5.8,94,P,,,1,1,0,0,0
2020,8101,4,0,610,3,13145761,2,16.0,8108,6.3,100,P,,,1,1,0,0,0
2018,9108,1,0,710,3,4776218,1,16.0,9108,4.6,92,P,,,1,1,0,1,0
2024,13201,2,0,310,4,19201187,1,18.0,13201,5.7,100,P,5.7,96.0,0,0,1,0,0
2021,8301,1,0,310,4,12205479,2,17.0,8301,6.8,95,P,6.7,100.0,1,0,1,1,0
2017,13127,4,0,510,4,8632003,1,17.0,13107,5.7,94,P,5.5,97.0,0,1,0,0,0
2023,9210,1,0,610,3,23864161,2,19.0,7201,6.6,96,P,,,1,1,0,1,0
2020,5801,2,0,310,3,23713587,1,16.0,5801,6.9,100,P,,,1,0,1,1,0
2023,9108,1,0,410,3,17632529,1,19.0,9108,5.6,98,P,,,1,1,0,1,0
2024,13601,2,0,310,3,17971765,1,16.0,13605,6.3,89,P,,,0,1,0,1,0
2020,13126,4,0,510,3,21627608,1,16.0,13124,6.8,100,P,,,1,0,1,0,0
2018,4201,2,0,610,4,9533809,2,17.0,4201,5.2,78,P,4.9,82.0,1,1,0,1,0
2018,9119,2,0,410,4,11343320,2,17.0,9119,5.7,96,P,,,1,1,0,1,0
2020,13301,2,0,310,4,4270394,1,17.0,13301,6.7,95,P,5.4,95.0,1,0,1,1,0
2020,13101,1,0,310,4,15906649,1,17.0,13116,6.6,85,P,6.0,77.0,1,1,0,1,0
2018,13120,2,0,410,4,4382081,1,17.0,13118,5.1,89,P,5.1,93.0,0,1,0,1,0
2020,5109,2,0,310,3,9158178,2,16.0,5109,5.8,85,P,,,1,0,1,1,0
2019,6304,1,0,310,4,11441488,2,18.0,6304,5.9,91,P,5.9,93.0,1,1,0,1,0
2022,2101,2,0,510,3,21252563,1,16.0,2101,6.5,93,P,,,0,0,1,0,0
2017,5804,2,0,310,3,23838987,1,17.0,5804,5.6,87,P,,,0,1,0,0,0
2020,16301,2,0,310,4,18354530,2,17.0,13106,6.5,100,P,5.6,97.0,1,0,1,1,0
2017,7101,1,0,410,4,6587098,2,17.0,7105,6.1,89,P,,,1,1,0,1,0
2022,10301,1,0,510,4,13844820,1,20.0,10306,5.4,97,P,5.1,80.0,1,1,0,1,0
2024,6101,1,0,610,3,2146437,1,16.0,6101,5.5,87,P,,,1,0,1,1,0
2019,13125,2,0,410,4,18347974,2,17.0,13125,5.1,86,P,5.4,81.0,0,0,1,0,0
2022,13501,2,0,310,4,17195910,1,18.0,13501,6.0,93,P,5.3,90.0,1,0,1,1,0
2017,4102,1,0,410,3,22528627,1,16.0,4102,5.9,93,P,,,1,1,0,1,0
2017,7101,2,0,410,3,19026713,1,17.0,7101,4.6,91,P,,,0,0,1,0,0
2018,13402,2,0,310,4,18933993,2,18.0,13402,5.8,87,P,5.5,82.0,1,1,0,1,0
2022,9120,2,0,310,4,1634846,2,17.0,13401,6.4,96,P,6.6,95.0,0,1,0,1,0
2023,3101,2,0,310,3,3508936,2,16.0,3101,6.6,100,P,,,0,1,0,1,0
2022,9101,1,0,610,3,14491033,2,16.0,9101,5.2,93,P,,,1,1,0,1,0
2024,13401,2,0,310,3,26462839,1,16.0,13401,5.7,95,P,,,1,0,1,1,0
2023,1107,2,0,610,4,13051003,2,19.0,1107,5.3,100,P,5.5,92.0,1,1,0,1,0
2024,13127,1,0,310,3,26303476,2,18.0,13127,5.5,92,P,,,1,1,0,1,0
2019,13109,2,0,510,3,20314734,2,16.0,13112,6.2,95,P,,,0,1,0,1,0
2019,2101,1,0,510,4,22687398,2,17.0,2101,6.4,90,P,5.9,93.0,1,1,0,1,0
2022,14106,2,0,310,4,2733684,1,18.0,14106,6.1,84,P,5.0,86.0,1,1,0,1,0
2019,8204,1,0,310,3,19194740,2,17.0,8204,6.5,95,P,,,1,1,0,1,0
2024,12101,5,0,410,4,21057312,2,17.0,12101,6.2,92,P,6.2,95.0,1,0,1,1,0
2022,14202,1,0,310,4,5363948,2,20.0,10101,5.4,85,P,5.0,85.0,1,1,0,1,0
2024,13404,2,0,310,3,5073167,1,16.0,13404,6.6,99,P,,,1,1,0,1,0
2020,16106,2,0,310,3,1220396,2,16.0,16201,6.2,85,P,,,1,1,0,1,0
2019,5101,1,0,810,4,13417250,2,17.0,5101,5.0,94,P,5.2,91.0,1,0,1,1,0
2018,13101,2,0,610,4,7154322,2,18.0,13104,6.6,96,P,6.1,93.0,1,1,0,1,0
2024,13101,1,0,310,4,25790009,2,18.0,13126,6.7,93,P,,,1,1,0,1,0
2024,8306,1,0,310,3,22282073,1,16.0,8306,6.5,82,P,,,1,0,1,1,0
2023,5109,2,0,310,4,17856632,2,17.0,5109,6.6,99,P,6.5,90.0,0,0,1,0,0
2020,1101,2,0,310,3,7477408,1,16.0,13119,6.7,100,P,,,0,0,1,0,0
2018,2101,1,0,510,3,14628245,1,16.0,2101,5.1,87,R,,,1,0,1,1,0
2022,13109,2,0,310,4,12839851,2,17.0,13110,5.9,96,P,5.3,98.0,1,1,0,1,0
2023,6117,1,0,310,3,1220403,1,16.0,6113,6.9,97,P,,,1,1,0,1,0
2024,10101,1,0,310,4,16240906,1,18.0,10101,6.0,80,P,6.2,84.0,1,1,0,1,0
2020,13501,2,0,310,3,20218612,2,16.0,13501,5.1,85,P,,,1,0,1,1,0
2020,16101,4,0,510,3,18722689,1,17.0,16108,5.2,93,P,4.6,80.0,1,1,0,0,0
2022,13110,2,0,310,3,11131443,1,17.0,13110,5.7,80,P,,,0,1,0,0,0
2022,14201,2,0,310,4,2615587,1,17.0,14204,5.7,95,P,5.3,85.0,1,0,1,1,0
2024,8101,4,0,410,3,3187004,1,16.0,8108,5.4,78,P,,,1,1,0,0,0
2019,13127,2,0,310,4,12291021,2,17.0,13107,5.8,67,P,6.2,29.0,1,0,1,1,0
2020,9101,2,0,610,3,23922478,2,16.0,9101,4.4,85,P,,,1,1,0,1,0
2022,9201,2,0,310,4,13152845,2,17.0,8101,6.4,85,P,5.8,59.0,1,1,0,1,0
2023,2101,1,0,410,3,3974853,1,16.0,2101,5.7,88,P,,,1,0,1,1,0
2022,10301,2,0,310,4,20946899,2,18.0,11101,5.8,50,P,5.1,85.0,0,0,1,0,0
2024,13501,1,0,610,3,4986822,2,16.0,13501,6.7,85,P,,,1,1,0,1,0
2023,13201,2,0,310,3,24199585,2,17.0,13201,6.7,93,P,,,1,0,1,1,0
2023,6101,1,0,410,4,5098643,1,17.0,6101,4.9,70,P,5.3,72.0,1,1,0,1,0
2018,7401,2,0,310,4,3759412,2,19.0,7401,5.6,90,P,5.3,90.0,1,1,0,1,0
2024,4201,2,0,610,3,19134964,2,16.0,4201,6.2,99,P,,,1,1,0,1,0
2022,8108,2,0,310,3,7934707,2,16.0,8108,6.4,87,P,,,0,1,0,1,0
2024,3101,5,0,310,3,21947629,1,17.0,3101,4.5,96,P,,,1,1,0,1,0
2017,8401,2,0,310,4,17507426,2,17.0,8401,6.8,99,P,6.8,99.0,0,0,1,0,0
2023,13401,1,0,510,4,9842829,1,19.0,13131,6.5,82,P,6.4,81.0,1,0,1,1,0
2022,7101,2,0,310,4,4668585,2,17.0,7101,6.2,87,P,5.9,85.0,0,1,0,1,0
2023,5301,1,0,310,3,5178158,1,16.0,5301,6.1,94,P,,,1,0,1,1,0
2018,5401,2,0,310,3,1896985,2,16.0,5401,5.0,98,P,,,0,0,1,0,0
2022,9203,1,0,610,4,483211,2,20.0,9203,6.0,87,P,5.2,95.0,1,1,0,1,0
2017,9101,2,0,510,3,11667112,1,17.0,9113,4.8,98,P,4.4,99.0,1,1,0,1,0
2023,6101,1,0,510,3,5039790,2,18.0,6101,6.1,90,P,,,1,1,0,1,0
2018,13501,2,0,310,3,21043005,2,16.0,13501,6.5,100,P,,,1,0,1,1,0
2019,5101,2,0,310,3,1947149,2,16.0,5101,5.2,97,P,,,1,1,0,1,0
2021,16305,1,0,310,4,15516920,2,17.0,16101,6.3,100,P,6.2,100.0,1,1,0,1,0
2020,14201,2,1,610,3,13604615,2,17.0,14201,6.4,100,P,,,1,1,0,1,0
2020,13401,1,1,510,3,1150539,2,16.0,13401,5.7,90,P,,,1,1,0,1,0
2018,16101,4,0,410,4,5746708,2,17.0,16101,5.7,90,P,,,1,1,0,0,0
2021,8102,1,0,310,3,11369618,2,16.0,8102,6.0,90,P,,,1,1,0,1,0
2022,9207,1,0,510,3,16171332,1,17.0,9210,5.1,90,P,,,1,0,1,1,0
2020,13128,4,0,510,4,10322389,1,17.0,13128,6.4,85,P,5.9,82.0,1,1,0,0,0
2018,6105,2,0,310,3,10350291,1,16.0,6105,6.5,95,P,,,1,1,0,1,0
2024,7301,2,0,310,3,416994,1,16.0,7301,6.3,100,P,,,1,0,1,1,0
2017,5105,1,0,610,4,23013831,1,18.0,5105,5.6,93,P,5.5,93.0,1,1,0,1,0
2024,16101,1,0,510,3,9657881,2,16.0,16101,5.5,95,P,,,1,1,0,1,0
2023,8301,1,0,510,4,17297029,1,17.0,8301,6.0,87,P,5.9,85.0,1,1,0,1,0
2017,2101,1,0,610,4,16031688,2,18.0,2101,6.5,94,P,5.8,90.0,1,1,0,1,0
2022,9101,2,0,610,4,20162140,2,18.0,9101,6.5,87,P,5.7,85.0,1,1,0,1,0
2017,5101,2,0,310,3,15898661,2,16.0,5101,5.6,76,P,,,1,1,0,1,0
2023,9101,2,0,310,4,24891575,2,17.0,9101,6.8,95,P,6.5,85.0,0,0,1,0,0
2019,13122,1,0,510,4,15952021,1,18.0,13122,5.1,88,P,5.2,90.0,1,0,1,1,0
2023,16101,1,0,310,4,8061510,1,17.0,16101,6.9,94,P,6.7,78.0,1,1,0,1,0
2024,12101,2,0,310,3,1463141,2,16.0,12101,7.0,95,P,,,0,0,1,0,0
2018,13123,1,0,310,3,13037315,1,17.0,13123,6.6,93,P,,,1,1,0,1,0
2019,4102,5,0,510,4,8506963,2,17.0,13605,6.1,89,P,5.9,96.0,1,1,0,1,0
2022,5801,2,0,310,4,18175603,1,17.0,5801,5.4,89,P,5.5,90.0,1,1,0,0,0
2022,8307,2,1,710,4,857377,1,17.0,8305,5.8,100,P,5.7,100.0,1,1,0,1,0
2018,4101,2,0,310,4,3209713,2,17.0,4101,5.1,88,P,5.2,94.0,0,1,0,1,0
2024,2101,1,0,510,4,21251578,1,17.0,2101,5.9,86,P,5.6,86.0,1,0,1,1,0
2021,13301,1,0,410,3,25615583,2,16.0,13301,6.5,100,P,,,1,1,0,1,0
2024,13119,2,0,310,3,8977506,2,16.0,13103,6.5,92,P,,,0,0,1,0,0
2018,13302,1,0,410,3,896292,1,16.0,13302,0.0,0,Y,,,1,1,0,1,1
2021,3101,2,0,410,4,23128172,2,17.0,3101,6.5,96,P,6.3,95.0,0,0,1,0,0
2024,13101,2,0,310,3,4516616,1,17.0,13128,6.3,83,P,,,0,0,1,0,0
2019,7102,1,0,310,4,11612229,1,17.0,7102,6.1,88,P,6.4,99.0,1,0,1,1,0
2017,10101,2,0,510,4,22922419,2,18.0,10101,5.5,100,P,5.5,100.0,1,1,0,1,0
2021,13105,2,0,310,3,15728507,2,16.0,13112,6.2,100,P,,,1,1,0,1,0
2024,13105,2,0,410,4,6442706,1,17.0,13105,5.3,98,P,5.1,96.0,1,1,0,1,0
2018,8102,2,0,310,4,2883007,1,17.0,8102,6.5,97,P,6.2,95.0,1,1,0,1,0
2021,15101,2,0,310,3,8778517,1,16.0,15101,5.8,89,P,,,1,1,0,1,0
2023,2201,1,0,510,4,22689243,1,18.0,2201,6.1,76,P,5.4,85.0,1,0,1,1,0
2019,4101,1,0,310,3,22783584,1,16.0,4101,5.8,100,P,,,1,1,0,1,0
2023,13127,4,0,410,3,24471356,2,16.0,13107,5.6,82,P,,,1,0,1,0,0
2018,10208,2,0,410,4,21250370,2,18.0,10208,3.6,62,R,5.3,98.0,1,1,0,1,0
2024,13401,1,0,610,4,26254972,2,16.0,13401,6.4,94,P,6.4,98.0,1,1,0,1,0
2020,5701,1,0,610,4,21581383,2,19.0,5701,6.2,100,P,6.1,97.0,1,1,0,1,0
2021,9111,4,0,510,3,8617134,2,17.0,9111,4.1,100,P,,,1,1,0,0,0
2023,9201,1,0,610,3,15382518,2,16.0,9201,6.5,95,P,,,1,1,0,1,0
2024,13111,2,0,310,4,8614603,2,17.0,13110,7.0,96,P,7.0,90.0,1,1,0,1,0
2023,10101,1,0,410,3,1591019,1,16.0,10101,6.2,93,P,,,1,0,1,1,0
2023,13201,2,0,410,3,21145458,1,17.0,13201,5.0,98,P,4.4,85.0,1,0,1,1,0
2022,5109,2,0,510,3,11154524,2,17.0,5109,4.8,90,P,,,1,0,1,1,0
2023,2101,1,0,510,3,12210183,1,16.0,2101,5.4,90,P,,,1,1,0,1,0
2018,9211,1,0,310,3,18743486,2,16.0,9203,6.3,100,P,,,1,0,1,1,0
2017,8110,2,0,310,3,14885258,1,16.0,8110,6.2,98,P,,,0,0,1,0,0
2018,8110,2,0,310,3,12643323,2,16.0,5101,6.9,94,P,,,0,1,0,1,0
2019,13109,2,0,510,3,19732183,2,16.0,13109,6.6,91,P,,,0,0,1,0,0
2020,2201,1,0,310,3,11321440,2,17.0,2201,6.0,85,P,,,1,0,1,1,0
2023,9101,2,0,310,3,7656460,1,16.0,10201,5.2,89,P,,,0,1,0,0,0
2024,16301,2,0,410,3,20411500,2,16.0,16301,6.1,95,P,,,1,1,0,1,0
2023,9108,1,0,310,4,13656724,1,17.0,9108,6.1,84,P,6.3,85.0,1,0,1,1,0
2020,5301,4,0,410,3,17866188,1,16.0,5301,6.6,100,P,,,1,1,0,0,0
2020,2101,1,0,510,3,15953636,1,16.0,2101,6.3,85,P,,,1,0,1,1,0
2020,16201,1,0,310,3,3267921,2,16.0,16201,5.3,85,P,,,1,1,0,1,0
2019,13111,2,0,510,3,669144,1,17.0,13110,5.5,95,P,4.3,37.0,1,1,0,1,0
2019,13127,4,0,510,3,8314838,1,16.0,13107,4.6,88,P,,,1,0,1,0,0
2024,9101,2,0,510,4,11936016,1,19.0,9101,6.6,98,P,6.4,99.0,1,1,0,1,0
2024,13601,1,0,310,4,22431322,1,17.0,13601,5.9,100,P,5.8,96.0,1,0,1,1,0
2023,9102,5,0,310,3,21650039,1,16.0,9102,6.8,99,P,,,1,1,0,1,0
2020,13201,2,0,310,4,3191940,1,18.0,13201,6.6,100,P,6.4,98.0,1,0,1,1,0
2019,8301,2,0,510,4,22673473,1,17.0,8311,5.7,93,P,5.9,97.0,1,1,0,1,0
2020,9211,1,0,310,3,16161142,1,17.0,9211,4.5,85,P,,,1,1,0,1,0
2023,13401,1,0,510,3,12017491,2,16.0,13401,6.6,88,P,,,1,0,1,1,0
2022,13401,2,0,310,4,26258497,2,18.0,13401,6.9,85,P,6.7,85.0,1,0,1,1,0
2022,14103,1,1,510,4,21041807,1,19.0,14103,6.2,98,P,5.9,100.0,1,1,0,1,0
2018,8104,1,0,310,4,3414620,1,18.0,8104,5.3,89,P,5.2,96.0,1,0,1,1,0
2024,8306,1,0,310,4,7830583,2,17.0,8306,5.6,85,P,4.9,68.0,1,1,0,1,0
2018,14106,2,0,310,4,7555741,1,17.0,9109,6.2,89,P,6.3,97.0,1,1,0,1,0
2021,13201,2,0,310,3,18634331,2,18.0,13201,6.7,100,P,,,1,1,0,1,0
2023,13201,2,0,310,3,1180910,1,17.0,13201,5.3,93,P,,,1,0,1,1,0
2024,8108,2,0,310,4,17057251,1,17.0,8108,5.9,92,P,6.0,96.0,1,0,1,1,0
2017,4101,2,0,310,3,10283536,2,16.0,4101,5.7,85,P,,,0,0,1,0,0
2018,9111,5,0,410,3,14701765,2,16.0,9111,4.9,80,P,,,1,1,0,1,0
2021,13119,2,0,510,4,8479523,1,17.0,13119,5.4,89,P,5.2,85.0,0,1,0,0,0
2019,9210,1,0,510,4,7187069,1,19.0,9210,6.3,85,P,6.1,96.0,1,1,0,1,0
2020,13117,5,0,610,4,6539098,2,18.0,13128,6.2,100,P,5.7,94.0,1,1,0,1,0
2019,6115,1,0,510,3,11197511,1,17.0,6115,5.7,92,P,,,1,1,0,1,0
2017,13101,2,0,510,4,10380518,1,17.0,13124,5.8,96,P,5.4,89.0,0,1,0,1,0
2022,8110,1,0,310,4,899304,2,18.0,8110,6.1,96,P,6.2,100.0,1,0,1,1,0
2017,4301,2,0,310,4,2819760,1,17.0,4301,6.8,99,P,6.7,100.0,0,1,0,0,0
2023,13124,2,0,610,3,18829312,2,17.0,13124,5.1,92,P,,,0,1,0,0,0
2023,13124,2,0,310,4,19026615,1,17.0,13124,5.9,95,P,6.1,94.0,0,0,1,0,0
2022,5102,1,0,310,3,23505246,1,16.0,5102,6.3,56,P,,,1,0,1,1,0
2022,13101,1,0,310,3,785374,1,16.0,13112,4.6,61,R,,,1,1,0,1,0
2022,13127,1,0,410,3,23388924,2,17.0,13104,4.8,60,P,,,1,1,0,1,0
2020,8108,2,0,510,4,13852599,2,17.0,8108,6.6,100,P,4.8,86.0,1,1,0,1,0
2021,7101,2,0,510,4,19665272,1,17.0,7105,6.1,100,P,5.8,100.0,1,1,0,1,0
2018,8314,1,1,610,3,12661688,2,16.0,8308,6.8,98,P,,,1,1,0,1,0
2024,13201,2,0,310,3,4520862,1,17.0,13201,6.0,82,P,,,1,1,0,1,0
2018,7408,1,0,410,4,9841199,1,19.0,7408,5.8,83,P,5.6,82.0,1,1,0,1,0
2022,7302,1,0,310,3,5645380,2,16.0,7302,5.6,94,P,,,1,1,0,1,0
2022,9101,1,0,310,4,18382473,1,17.0,9112,6.0,93,P,5.3,92.0,1,1,0,1,0
2020,4102,2,0,310,3,9084296,2,16.0,4102,6.2,90,P,,,1,1,0,1,0
2019,14101,1,0,310,4,13760159,1,17.0,14101,6.4,94,P,6.3,96.0,1,0,1,1,0
2022,9101,2,0,510,3,20654888,1,16.0,9116,5.0,83,P,,,1,1,0,1,0
2020,7101,1,0,610,3,7492754,2,16.0,7105,6.3,95,P,,,1,0,1,1,0
2020,13101,1,0,310,4,22856622,1,18.0,13126,6.6,85,P,6.3,38.0,1,1,0,1,0
2017,6101,1,0,510,3,18168798,2,18.0,5405,6.1,88,P,,,1,1,0,1,0
2019,13128,1,0,610,3,18398600,2,16.0,13128,6.2,94,P,,,1,1,0,1,0
2020,13201,2,0,610,4,18167641,2,18.0,13112,4.1,85,P,4.9,75.0,0,1,0,1,0
2021,8101,4,0,410,3,16409330,2,16.0,8108,6.5,100,P,,,1,0,1,0,0
2018,7104,1,0,610,3,9220102,1,19.0,7201,5.1,88,R,,,1,1,0,1,0
2023,13101,2,0,610,4,21379985,2,17.0,13129,6.6,97,P,6.5,94.0,1,1,0,1,0
2018,15101,2,0,310,4,14985852,1,17.0,15101,5.7,92,P,5.8,94.0,1,0,1,1,0
2017,6301,4,0,510,4,1731509,1,17.0,6308,5.5,93,P,5.2,89.0,0,1,0,0,0
2019,9211,2,0,310,4,11840330,2,17.0,9211,5.9,86,P,6.1,94.0,1,1,0,1,0
2021,14103,1,0,310,3,18781519,2,16.0,14103,6.6,100,P,,,1,0,1,1,0
2021,5601,2,0,310,4,11017768,2,17.0,5601,5.7,95,P,5.5,95.0,0,1,0,1,0
2021,7301,2,0,510,4,24734735,1,17.0,7304,6.5,100,P,5.2,91.0,1,1,0,1,0
2020,13122,2,0,310,3,256710,1,17.0,13122,5.3,85,P,,,0,1,0,0,0
2020,13109,2,0,310,3,23791681,1,17.0,13121,5.3,100,P,,,0,1,0,1,0
2023,7101,1,0,310,3,7705144,2,16.0,7109,4.7,85,P,,,1,0,1,1,0
2024,5109,2,0,310,4,8992385,2,17.0,5109,5.5,83,P,5.8,93.0,0,1,0,0,0
2023,14106,1,0,610,3,9925526,2,19.0,14106,5.5,85,P,0.0,0.0,1,1,0,1,0
2018,5801,2,0,310,4,5946905,1,17.0,5801,5.8,98,P,5.1,95.0,1,0,1,1,0
2020,13106,2,0,310,3,11697130,1,18.0,13110,5.2,100,P,,,1,0,1,1,0
2022,13122,1,0,510,4,17045892,2,18.0,13122,5.5,80,P,5.0,90.0,1,1,0,1,0
2023,16301,2,0,310,3,11346697,2,17.0,16301,6.7,94,P,,,1,0,1,1,0
2022,3301,2,0,310,3,21463026,2,16.0,3301,6.9,99,P,,,0,0,1,0,0
2023,13604,2,0,310,4,5595999,2,18.0,13119,5.1,47,P,5.5,45.0,1,0,1,1,0
2022,5101,2,0,310,4,23915297,2,17.0,5101,6.0,83,P,5.5,84.0,1,0,1,1,0
2018,9201,1,0,310,4,5606125,2,17.0,9201,5.3,94,P,5.2,89.0,1,0,1,1,0
2023,13601,1,0,410,3,7136873,1,16.0,13602,5.5,88,P,,,1,1,0,1,0
2023,13123,1,0,310,4,19299679,1,17.0,13101,5.5,92,P,5.7,76.0,1,0,1,1,0
2018,1107,2,0,510,3,13598885,1,17.0,1107,5.1,88,P,,,1,1,0,1,0
2019,13201,1,0,310,4,350851,2,17.0,13201,6.9,99,P,6.8,99.0,1,1,0,1,0
2022,14201,1,0,410,3,4085456,2,17.0,14201,5.3,89,P,,,1,1,0,1,0
2017,13401,2,0,310,4,10543615,2,17.0,13404,6.5,99,P,6.3,99.0,0,0,1,0,0
2022,2201,1,0,510,3,1420619,2,17.0,2201,6.1,93,P,,,1,1,0,1,0
2018,13125,2,0,310,4,9115974,2,18.0,13125,5.8,88,P,5.9,68.0,0,0,1,0,0
2019,16101,1,0,310,3,23502371,2,17.0,16101,5.7,99,P,,,1,1,0,1,0
2020,2201,2,0,310,4,8161911,2,17.0,15101,6.4,100,P,6.3,98.0,0,1,0,0,0
2024,7303,1,0,310,4,1286100,2,18.0,7303,5.8,90,P,,,1,1,0,1,0
2020,13201,2,0,610,3,24238647,1,17.0,13110,6.7,85,P,,,0,1,0,1,0
2020,8110,2,0,310,4,4902384,1,18.0,13107,5.9,100,P,5.5,93.0,0,0,1,0,0
2020,2201,1,0,510,4,4891950,2,19.0,2301,2.0,10,R,4.7,87.0,1,0,1,1,0
2023,11101,2,0,310,3,20927824,2,17.0,11101,6.1,99,P,,,0,0,1,0,0
2021,7201,1,0,310,3,1038561,1,16.0,7201,5.1,85,P,,,1,1,0,1,0
2020,8206,1,0,310,3,5778737,1,17.0,8206,6.4,100,P,,,1,1,0,1,0
2020,8104,5,0,310,3,2226030,1,16.0,8104,5.5,90,P,,,1,0,1,1,0
2020,13103,5,0,310,4,21464343,2,17.0,13103,6.1,85,P,5.8,93.0,1,1,0,1,0
2023,13126,2,0,310,4,5590400,1,17.0,13106,5.7,98,P,5.8,99.0,1,0,1,1,0
2019,7304,2,0,410,3,21075645,2,16.0,7304,6.1,26,P,,,1,1,0,1,0
2017,8103,2,0,310,3,10161122,2,16.0,8103,5.9,87,P,,,1,1,0,1,0
2024,10101,2,0,610,4,5725953,2,17.0,10101,6.1,94,P,6.2,93.0,1,0,1,1,0
2019,13101,1,0,310,4,4184182,2,18.0,13129,6.2,88,P,5.9,84.0,1,1,0,1,0
2017,13125,2,0,510,4,16162855,1,17.0,13125,5.3,94,P,5.0,94.0,1,0,1,1,0
2022,13201,1,0,410,3,5900359,2,16.0,13201,6.0,97,P,,,1,0,1,1,0
2019,8101,5,0,310,4,20805488,1,17.0,8101,4.9,87,R,5.2,55.0,1,1,0,1,0
2023,13601,2,0,510,4,22245309,1,17.0,13401,5.3,93,P,5.6,90.0,1,0,1,1,0
2019,5601,2,0,310,4,12166463,2,19.0,5601,6.1,90,P,6.1,97.0,1,0,1,1,0
2023,13119,2,0,310,3,2006538,2,20.0,13119,6.2,100,P,,,1,0,1,0,0
2018,13113,1,0,610,4,24328707,2,18.0,13113,5.2,94,P,5.1,99.0,1,1,0,1,0
2021,13112,2,0,510,3,11381807,1,16.0,13112,4.6,85,P,,,1,1,0,1,0
2023,13101,1,0,310,3,15305270,1,16.0,13101,5.9,91,P,,,1,1,0,1,0
2021,13119,2,0,310,4,12839757,1,17.0,13119,6.0,85,P,4.9,85.0,0,0,1,0,0
2020,10102,1,1,310,4,7109120,2,17.0,10102,6.0,95,P,5.5,96.0,1,1,0,1,0
2017,15101,2,0,610,3,3467693,2,16.0,15101,5.5,94,P,,,1,1,0,1,0
2023,7301,2,0,610,4,18986066,2,18.0,7301,6.9,99,P,6.8,93.0,1,0,1,1,0
2021,13122,1,0,310,3,8671403,2,17.0,13122,5.9,96,P,,,1,0,1,1,0
2024,1107,5,0,310,4,20425464,1,17.0,1107,6.9,93,P,6.9,88.0,1,0,1,1,0
2018,13112,2,0,310,4,12983799,2,17.0,13201,6.6,91,P,6.5,92.0,1,1,0,1,0
2021,4101,2,0,310,3,1012334,2,16.0,4101,6.0,85,P,,,0,0,1,0,0
2018,13119,2,0,510,3,8397456,1,16.0,13119,6.2,97,P,,,1,0,1,1,0
2024,8103,2,0,310,4,1353052,2,17.0,8103,6.9,93,P,6.7,97.0,0,1,0,0,0
2024,13303,1,0,510,4,21821944,1,17.0,13303,5.7,87,P,5.3,97.0,1,0,1,1,0
2018,2201,1,0,510,4,15057509,2,17.0,2201,5.4,95,P,5.2,94.0,1,0,1,1,0
2024,13108,2,0,410,4,12653921,1,17.0,13108,6.2,91,P,6.3,94.0,1,1,0,1,0
2019,9101,2,0,310,4,2993815,2,17.0,9117,6.2,92,P,6.5,98.0,1,1,0,1,0
2020,13119,2,0,310,3,19852600,2,16.0,5201,6.3,85,P,,,0,0,1,0,0
2024,7301,2,0,310,4,8151874,1,18.0,7301,6.1,98,P,5.7,98.0,1,0,1,1,0
2022,7101,2,0,310,3,20725827,2,18.0,7101,1.4,20,R,,,1,1,0,1,0
2021,6301,5,0,310,4,13311476,2,17.0,6301,6.6,100,P,6.5,100.0,1,1,0,1,0
2017,13110,2,0,310,4,1577104,1,18.0,13118,5.4,93,P,5.4,98.0,0,0,1,0,0
2021,13104,1,0,310,4,2545089,1,18.0,13108,6.3,92,P,6.3,90.0,1,1,0,1,0
2017,5701,1,0,610,4,21929210,2,17.0,5701,5.3,87,P,5.1,91.0,1,1,0,1,0
2019,4101,2,1,710,4,3323212,2,17.0,4106,4.5,99,P,5.2,98.0,1,1,0,1,0
2017,8101,2,0,510,4,9107162,1,17.0,8108,5.6,89,P,5.0,97.0,0,1,0,0,0
2023,10301,1,0,510,4,10413976,1,18.0,10301,6.0,90,P,6.1,90.0,1,1,0,1,0
2019,13123,1,0,310,4,7664849,1,17.0,13110,6.3,83,P,6.4,91.0,1,1,0,1,0
2023,1101,2,0,310,3,3654953,2,16.0,1101,6.7,85,P,,,0,0,1,0,0
2017,8407,1,0,310,4,2450479,1,17.0,8407,6.6,97,P,6.5,97.0,1,1,0,1,0
2024,6301,2,0,310,3,8500551,2,16.0,6303,6.7,90,P,,,1,0,1,1,0
2019,7301,2,0,310,3,14232153,1,16.0,7305,5.9,98,P,,,0,0,1,0,0
2018,5109,2,0,310,3,3421025,2,16.0,5101,6.5,100,P,,,0,0,1,0,0
2023,3101,2,0,510,3,10715380,2,17.0,3101,4.5,77,R,,,0,1,0,1,0
2018,4101,2,0,310,4,20781583,1,19.0,4101,5.0,91,P,5.0,93.0,0,0,1,0,0
2023,16301,1,0,410,3,10870154,2,16.0,16301,6.9,100,P,,,1,1,0,1,0
2022,9120,2,0,310,3,22707473,2,16.0,9120,6.2,91,P,,,1,0,1,1,0
2019,13105,2,0,310,3,13623524,2,16.0,13105,4.7,87,P,,,0,1,0,1,0
2020,5101,1,0,610,3,3768918,2,16.0,5102,6.9,100,P,,,1,1,0,1,0
2021,6310,1,0,310,3,5198555,1,16.0,6305,6.8,100,P,,,1,0,1,1,0
2020,2101,1,0,410,4,10576895,2,17.0,2101,5.3,85,P,5.7,74.0,1,0,1,1,0
2019,7306,1,0,310,4,16512065,2,17.0,7306,6.1,78,P,6.2,89.0,1,1,0,1,0
2024,10101,1,0,310,4,2145909,2,17.0,10101,6.5,100,P,6.6,100.0,1,1,0,1,0
2023,13202,2,1,710,4,20073390,1,17.0,13201,5.1,88,P,4.8,87.0,1,1,0,1,0
2020,5804,2,0,310,4,11784139,2,17.0,5804,6.3,100,P,6.1,100.0,0,0,1,0,0
2019,3101,1,0,510,4,9947730,1,18.0,3101,5.6,89,P,5.1,84.0,1,1,0,1,0
2021,7402,1,0,610,4,5016618,2,17.0,7402,5.5,88,P,6.3,94.0,1,1,0,1,0
2021,13111,5,0,310,3,24422102,2,16.0,13131,5.1,85,P,,,1,1,0,1,0
2023,13101,2,0,310,3,3005783,2,16.0,13108,6.8,98,P,,,1,0,1,1,0
2024,13201,2,0,410,4,6562753,2,17.0,13201,6.4,93,P,6.5,94.0,1,1,0,1,0
2019,8110,1,0,310,4,12559681,1,17.0,8110,5.6,93,P,5.7,98.0,1,0,1,1,0
2021,10101,1,0,610,3,24380518,1,17.0,10101,5.7,85,P,,,1,0,1,1,0
2018,3101,2,0,310,4,21458978,1,17.0,3101,5.4,96,P,5.3,92.0,0,1,0,0,0
2022,5109,2,0,310,4,18910301,1,19.0,8110,4.9,90,P,5.6,100.0,1,0,1,1,0
2017,13120,2,0,510,4,7374429,1,18.0,13110,5.7,79,P,5.9,83.0,1,1,0,1,0
2023,5101,5,0,310,3,20263855,1,16.0,5109,5.8,85,P,,,1,0,1,1,0
2023,6101,2,0,310,4,12738810,2,17.0,6101,5.6,93,P,5.1,91.0,0,1,0,0,0
2023,13114,2,0,310,3,15524441,1,17.0,13114,5.6,88,P,,,1,0,1,1,0
2021,4101,2,0,310,4,18441710,1,17.0,4102,5.7,85,P,4.4,85.0,0,1,0,1,0
2021,13101,1,0,310,3,12943589,2,17.0,13127,6.4,3,P,,,1,0,1,1,0
2018,13105,2,0,410,3,24001385,2,17.0,13105,4.9,74,P,,,0,1,0,1,0
2021,9120,2,0,510,4,24797434,1,17.0,9104,6.1,85,P,6.0,90.0,1,0,1,1,0
2019,15101,2,0,310,4,3385881,1,17.0,15101,5.7,84,P,5.4,94.0,1,1,0,1,0
2020,10208,1,0,310,3,22461090,2,16.0,10208,6.2,77,P,,,1,1,0,1,0
2020,13124,5,0,510,4,8555652,1,17.0,13124,6.3,85,P,6.1,86.0,1,0,1,1,0
2021,3101,5,0,510,3,20951862,2,18.0,3101,4.3,85,P,,,1,0,1,1,0
2021,13123,1,0,310,4,24651053,1,17.0,13101,4.9,85,P,4.6,90.0,1,0,1,1,0
2020,5706,2,0,310,3,12748075,2,16.0,5701,6.0,85,P,,,1,0,1,1,0
2020,13120,4,0,610,4,16634926,2,17.0,13301,5.5,85,P,5.2,78.0,1,1,0,0,0
2019,7201,1,0,410,3,21454776,2,16.0,7201,6.3,94,P,,,1,1,0,1,0
2018,7102,2,0,310,3,22404355,2,16.0,7102,5.9,99,P,,,1,1,0,1,0
2023,7406,1,0,610,3,23874652,1,17.0,7407,5.2,88,P,,,1,1,0,1,0
2023,8301,2,0,310,4,4024021,1,17.0,8301,6.2,84,P,6.2,94.0,1,0,1,1,0
2019,6115,1,0,310,3,4001154,2,17.0,6115,5.2,83,P,,,1,1,0,1,0
2024,2101,1,0,610,3,15319958,2,16.0,2101,5.6,75,P,,,1,1,0,1,0
2022,8304,1,0,510,4,11429390,1,17.0,8304,6.7,100,P,6.6,100.0,1,1,0,1,0
2017,2201,1,0,510,4,480920,1,18.0,2201,5.6,96,P,5.4,96.0,1,1,0,1,0
2018,13401,4,0,410,3,12968830,2,16.0,13401,5.7,97,P,,,1,1,0,0,0
2019,13130,2,0,410,4,1330646,2,17.0,13111,5.2,83,P,5.4,77.0,1,1,0,1,0
2022,13128,1,0,310,3,1212421,1,17.0,13128,0.0,0,Y,,,1,1,0,1,1
2017,6101,1,0,510,4,13153459,1,17.0,6110,5.4,94,P,4.5,90.0,1,0,1,1,0
2021,13503,2,0,310,3,19570599,1,16.0,13503,5.4,95,P,,,0,1,0,0,0
2021,12101,1,0,510,4,4182012,1,18.0,12101,6.4,100,P,6.3,100.0,1,1,0,1,0
2019,13123,1,0,310,3,3145706,1,17.0,13110,5.7,76,P,,,1,1,0,1,0
2020,8108,2,0,510,3,21374868,1,18.0,8102,4.8,100,P,,,1,1,0,1,0
2024,13105,2,0,310,4,8829808,1,17.0,13105,6.1,100,P,6.0,100.0,0,0,1,0,0
2017,6101,1,0,510,4,617081,1,17.0,6101,5.8,96,P,5.3,87.0,1,1,0,1,0
2021,10205,1,0,410,4,19914019,2,17.0,10205,6.7,85,P,6.6,100.0,1,1,0,1,0
2024,13124,2,0,310,4,16073780,1,18.0,13124,6.8,93,P,6.7,90.0,0,0,1,0,0
2020,13122,1,0,510,4,5560357,2,19.0,13122,4.0,85,P,4.6,83.0,1,1,0,1,0
2021,8307,2,1,710,3,24127241,2,18.0,8307,4.2,85,P,,,1,1,0,1,0
2017,9206,1,0,410,4,18200531,2,17.0,9206,5.1,99,P,5.2,96.0,1,1,0,1,0
2018,8301,2,0,310,3,19266520,2,16.0,8301,0.0,0,Y,,,0,0,1,0,1
2024,13124,2,0,310,3,20333706,1,16.0,13124,6.5,89,P,,,0,0,1,0,0
2021,13105,2,0,410,4,7510738,1,17.0,13105,5.5,85,P,5.3,85.0,1,0,1,1,0
2018,6303,1,0,510,4,7218942,1,18.0,6303,6.2,92,P,6.2,94.0,1,1,0,1,0
2023,16101,4,0,410,3,20440719,2,16.0,16109,5.8,73,P,,,1,1,0,0,0
2018,13404,1,0,410,4,4396960,2,17.0,13404,6.0,94,P,5.5,90.0,1,1,0,1,0
2019,8101,4,0,410,3,17187718,2,16.0,8108,6.4,93,P,,,1,0,1,0,0
2021,13102,2,0,310,3,23422612,2,16.0,13102,6.9,90,P,,,1,0,1,1,0
2024,13125,1,0,310,3,26376007,2,16.0,13125,5.3,88,P,,,1,0,1,1,0
2022,14108,1,0,310,4,24320518,1,17.0,14108,5.1,93,P,5.0,86.0,1,1,0,1,0
2024,13110,1,0,610,3,18594940,2,16.0,13122,5.5,84,P,,,1,1,0,1,0
2021,13201,2,0,310,4,1360157,2,19.0,13201,5.6,66,P,5.6,100.0,1,0,1,1,0
2023,5101,2,0,310,3,2725924,2,16.0,5101,6.5,97,P,,,1,0,1,1,0
2020,2301,1,0,410,4,21513927,2,19.0,2301,6.7,100,P,6.3,94.0,1,0,1,1,0
2022,14101,2,0,310,4,20057421,2,17.0,2101,5.9,83,P,5.4,90.0,1,0,1,1,0
2022,16302,1,0,610,3,7233303,2,16.0,16302,5.3,85,P,,,1,1,0,1,0
2023,8205,1,0,510,3,11090769,1,16.0,8205,5.9,88,P,,,1,0,1,1,0
2018,13501,1,0,610,4,24649042,2,18.0,13501,5.2,78,P,6.0,90.0,1,1,0,1,0
2022,13126,4,0,410,3,19961913,2,17.0,13126,4.4,82,P,4.4,61.0,1,0,1,0,0
2022,5501,2,0,310,4,20702245,2,18.0,2201,5.9,88,P,5.6,100.0,0,1,0,1,0
2022,13401,2,0,310,4,20737696,1,18.0,13401,6.1,88,P,5.9,100.0,0,1,0,0,0
2024,10301,1,0,310,4,23762822,1,19.0,10301,5.8,98,P,5.9,95.0,1,1,0,1,0
2017,3103,1,0,510,3,4368662,2,16.0,3103,6.4,98,P,,,1,0,1,1,0
2023,5107,2,0,310,4,9257594,2,18.0,5107,4.9,84,P,5.5,85.0,1,1,0,1,0
2024,4102,2,0,310,4,11583526,2,17.0,4102,5.8,97,P,5.5,98.0,0,0,1,0,0
2019,15101,2,0,310,4,18787682,1,17.0,15101,5.6,89,P,5.7,99.0,1,1,0,1,0
2019,13404,2,0,310,4,9274834,1,19.0,13404,5.6,84,P,5.3,94.0,1,0,1,1,0
2022,13401,2,0,310,3,4203896,1,16.0,13401,5.9,89,P,,,0,1,0,1,0
2023,13123,1,0,310,3,21806284,1,16.0,13101,6.1,78,P,,,1,0,1,1,0
2018,10201,1,0,310,4,6431838,2,18.0,10201,6.3,89,P,6.2,85.0,1,1,0,1,0
2017,9210,1,0,310,4,1542251,1,17.0,9210,5.7,92,P,5.9,99.0,1,1,0,1,0
2017,13131,2,0,410,4,17723996,2,17.0,13112,4.5,93,P,4.5,92.0,0,1,0,0,0
2018,9103,1,0,310,4,15145808,2,18.0,9103,5.8,92,P,5.2,87.0,1,1,0,1,0
2018,13111,2,0,410,3,5646743,1,16.0,13112,5.7,94,P,,,0,0,1,0,0
2018,13110,1,0,610,4,6946507,2,18.0,13110,5.0,83,P,5.5,88.0,1,0,1,1,0
2020,13122,2,0,310,3,2903220,1,17.0,13122,4.5,85,P,,,1,1,0,1,0
2022,16305,1,0,510,4,23522569,2,18.0,16305,6.2,94,P,6.0,100.0,1,1,0,1,0
2017,2101,2,0,310,3,21746599,2,17.0,2101,5.7,94,P,,,0,1,0,0,0
2019,9211,2,0,310,4,19788141,2,18.0,5301,6.6,87,P,6.6,85.0,1,0,1,1,0
2021,8309,1,0,310,4,15512241,2,17.0,8309,7.0,100,P,6.9,100.0,1,0,1,1,0
2018,5601,2,0,310,3,2536833,1,16.0,5601,6.0,99,P,,,0,0,1,0,0
2020,7105,2,1,710,3,9958753,1,18.0,7101,4.6,85,P,,,1,1,0,1,0
2021,13105,2,0,310,4,8023929,1,17.0,13401,6.1,85,P,5.2,100.0,0,0,1,0,0
2024,13201,2,1,610,4,22684396,2,17.0,13201,6.3,86,P,6.3,81.0,1,1,0,1,0
2020,5606,2,0,310,3,4504549,2,16.0,5606,5.1,95,P,,,1,1,0,1,0
2023,4102,2,0,310,4,4865355,2,17.0,4102,6.1,92,P,6.1,87.0,0,0,1,0,0
2021,1405,1,1,310,3,21718651,1,16.0,1107,6.0,84,P,,,1,1,0,1,0
2023,13126,1,0,410,4,25574866,1,18.0,13101,5.8,75,P,5.8,88.0,1,1,0,1,0
2022,9103,1,0,310,3,16889729,1,16.0,13131,6.9,92,P,,,1,0,1,1,0
2021,13101,1,0,310,3,19962329,1,16.0,13110,5.3,85,P,,,1,0,1,1,0
2022,5502,2,0,310,4,4152335,1,17.0,5502,6.7,96,P,6.8,99.0,1,0,1,1,0
2024,1107,2,0,610,4,19355481,1,18.0,1107,5.7,99,P,5.6,100.0,1,0,1,1,0
2020,13130,1,0,310,3,16321007,1,16.0,13201,4.6,85,P,,,1,0,1,1,0
2021,8301,2,0,510,4,23535909,1,18.0,8301,5.6,93,P,5.7,51.0,1,0,1,1,0
2017,13505,1,1,310,3,12960194,1,17.0,13505,5.3,94,P,,,1,1,0,1,0
2019,7403,1,0,610,4,4986589,2,17.0,7201,5.3,90,P,5.5,93.0,1,1,0,1,0
2018,5109,4,0,410,3,3308677,2,16.0,5109,4.6,86,P,,,1,1,0,0,0
2017,13112,2,0,310,4,24086843,2,17.0,13131,5.5,99,P,5.4,95.0,1,0,1,1,0
2022,13602,1,0,410,3,19920556,1,17.0,13602,5.5,92,P,,,1,0,1,1,0
2024,13122,1,0,310,3,9126167,1,16.0,13122,5.8,97,P,,,1,1,0,1,0
2018,5701,2,0,310,4,15724605,1,17.0,5701,6.8,99,P,6.7,95.0,1,0,1,1,0
2023,13113,2,0,310,4,4969676,2,18.0,2203,5.6,89,P,5.4,92.0,0,1,0,0,0
2019,6117,1,0,310,3,15216693,2,18.0,6117,5.1,100,P,,,1,1,0,1,0
2023,8106,2,0,310,3,10278816,2,16.0,8106,6.7,87,P,,,1,0,1,1,0
2020,8301,2,0,310,4,6645900,1,18.0,8301,5.4,90,P,4.9,93.0,0,1,0,1,0
2022,9120,2,0,310,3,5228588,2,16.0,9120,6.7,82,P,,,1,0,1,1,0
2017,7401,1,0,310,4,22892592,1,17.0,7401,6.4,92,P,6.2,98.0,1,1,0,1,0
2019,13109,2,0,310,3,18909986,2,16.0,13110,5.6,100,P,,,0,0,1,0,0
2021,8101,4,0,510,4,14754972,1,17.0,8110,3.7,40,R,6.1,95.0,1,0,1,0,0
2017,5101,2,0,310,3,14279795,1,16.0,5101,6.5,95,P,,,0,0,1,0,0
2020,5603,1,0,410,4,735836,2,17.0,13116,5.1,85,P,6.1,94.0,1,1,0,1,0
2022,13105,2,0,310,3,12692237,1,16.0,13112,6.7,97,P,,,1,1,0,1,0
2020,13110,1,0,310,3,16717774,2,17.0,13108,5.8,85,P,,,1,1,0,1,0
2020,4106,1,0,310,4,1418389,2,17.0,4102,5.5,98,P,5.9,100.0,1,1,0,1,0
2017,13402,2,0,610,3,18983032,2,17.0,13404,5.0,85,P,,,1,0,1,1,0
2024,13301,1,1,510,4,2546784,1,18.0,13301,5.5,98,P,5.4,98.0,1,1,0,1,0
2018,8102,1,0,310,4,11584615,1,17.0,8102,5.0,93,P,5.0,96.0,1,0,1,1,0
2021,8202,2,0,310,4,21856257,2,19.0,8202,6.7,97,P,6.9,100.0,1,0,1,1,0
2022,4102,2,0,310,3,13492063,2,16.0,4102,5.6,77,P,,,1,1,0,1,0
2018,5801,2,0,310,4,23939834,1,18.0,5804,5.6,97,P,5.3,100.0,0,1,0,0,0
2023,13402,1,0,510,3,21626471,1,16.0,13402,5.3,98,P,,,1,1,0,1,0
2017,12401,1,0,610,4,15480882,2,17.0,12401,6.5,91,P,,,1,1,0,1,0
2019,10210,1,0,310,4,12789710,1,19.0,10210,5.2,96,P,5.0,95.0,1,0,1,1,0
2022,9111,2,0,610,4,13393178,2,17.0,9111,5.8,86,P,5.7,95.0,1,1,0,1,0
2021,13103,2,0,510,3,14877647,1,16.0,13103,5.1,86,P,,,1,1,0,1,0
2017,5701,1,0,310,3,18164653,1,17.0,5701,5.6,91,P,,,1,1,0,1,0
2019,14107,1,0,310,4,13373398,1,17.0,14107,6.0,90,P,5.9,92.0,1,0,1,1,0
2021,9101,2,0,610,4,23624960,2,18.0,9116,5.4,95,P,5.0,95.0,1,0,1,1,0
2019,9201,1,0,610,4,4454992,2,17.0,9201,5.6,96,P,5.6,96.0,1,0,1,1,0
2019,8101,5,0,310,3,21155071,1,16.0,8101,6.3,95,P,,,1,0,1,1,0
2020,13128,2,0,510,4,16959233,1,17.0,13128,6.8,85,P,6.2,95.0,1,0,1,1,0
2023,10304,1,0,310,4,9870852,1,20.0,10304,5.6,73,P,4.7,89.0,1,1,0,1,0
2023,10202,2,0,510,4,19110055,1,17.0,10209,5.4,97,P,5.3,88.0,1,1,0,1,0
2018,13119,2,0,610,4,6459292,1,17.0,13119,5.5,99,P,5.2,98.0,1,0,1,1,0
2021,13112,2,0,510,4,17377092,1,17.0,13201,5.5,86,P,,,0,1,0,1,0
2023,13105,2,0,310,3,7656734,1,18.0,13124,5.8,97,P,,,0,1,0,0,0
2020,4106,1,0,510,4,6336079,1,18.0,4106,5.3,85,P,6.0,88.0,1,1,0,1,0
2024,8301,2,0,410,3,22538890,1,16.0,8314,5.0,88,P,,,1,1,0,1,0
2024,8101,5,0,310,3,26372779,2,16.0,8101,6.1,98,P,,,1,1,0,1,0
2017,13125,2,0,310,3,12752045,1,16.0,13125,5.8,95,P,,,0,1,0,1,0
2019,5804,2,0,310,3,21245561,1,16.0,5804,6.7,95,P,,,0,0,1,0,0
2023,8102,1,0,310,4,11377017,2,17.0,8102,6.9,84,P,6.7,66.0,1,1,0,1,0
2017,11101,2,0,610,4,11559888,2,19.0,11101,5.5,63,P,5.3,94.0,1,1,0,1,0
2018,3101,1,0,510,4,10689319,2,17.0,3101,6.2,88,P,6.1,89.0,1,0,1,1,0
2017,8101,4,0,410,4,23127301,2,17.0,8104,6.1,95,P,6.0,94.0,0,1,0,0,0
2021,10108,1,0,310,3,22873567,2,16.0,10108,5.6,85,P,,,1,1,0,1,0
2019,14106,2,0,310,3,12097485,1,16.0,14106,5.4,88,P,,,1,1,0,1,0
2023,16302,2,0,310,4,1945523,1,17.0,16302,5.1,99,P,5.1,92.0,1,0,1,1,0
2017,5101,1,0,510,3,13542662,1,16.0,5102,6.1,92,P,,,1,0,1,1,0
2024,9101,2,0,310,3,16332289,1,16.0,9101,5.8,96,P,,,0,0,1,0,0
2022,13106,1,0,310,4,25580710,2,17.0,13106,6.5,99,P,5.9,100.0,1,0,1,1,0
2023,13605,2,0,510,3,6256070,1,17.0,13605,5.6,92,P,,,1,1,0,1,0
2023,8111,1,0,310,4,12004873,1,18.0,8111,6.4,97,P,5.8,92.0,1,1,0,1,0
2017,6101,4,0,510,4,14401774,1,17.0,6101,5.7,94,P,5.3,97.0,0,0,1,0,0
2024,9120,2,1,510,3,16684965,1,16.0,9120,5.1,100,P,,,1,1,0,1,0
2017,8301,1,0,410,3,22186192,2,16.0,8301,5.5,88,P,,,1,1,0,1,0
2020,6117,1,1,310,4,23512686,1,17.0,6117,4.9,92,P,5.2,97.0,1,1,0,1,0
2022,6108,2,0,310,3,7015786,1,16.0,6108,6.4,95,P,,,0,0,1,0,0
2020,5503,2,0,310,4,8405579,2,17.0,5503,6.9,100,P,6.8,99.0,1,0,1,1,0
2017,8109,1,0,710,3,19342827,1,17.0,8109,6.4,98,P,,,1,1,0,1,0
2022,13105,1,0,510,3,15566722,2,17.0,13105,5.7,94,P,,,1,0,1,1,0
2024,8313,1,0,310,4,18995738,1,18.0,8313,4.4,96,R,4.9,92.0,1,1,0,1,0
2024,13401,2,0,310,4,8521138,1,17.0,13401,6.8,100,P,6.8,99.0,0,0,1,0,0
2020,13301,1,0,510,3,12726180,1,16.0,13301,6.0,100,P,,,1,1,0,1,0
2018,13109,1,0,510,4,135283,1,18.0,13401,4.8,85,P,4.6,85.0,1,1,0,1,0
2024,4301,1,0,510,3,16196065,2,16.0,3301,6.9,94,P,,,1,1,0,1,0
2023,7301,2,1,610,3,14258660,2,17.0,7301,6.5,97,P,,,1,0,1,1,0
2019,2101,1,0,510,3,17898250,2,16.0,2101,5.0,61,P,,,1,1,0,1,0
2023,9101,1,0,610,3,14332733,1,18.0,9119,6.0,99,P,,,1,1,0,1,0
2024,8110,1,0,310,3,475797,2,17.0,8110,3.9,60,R,4.5,64.0,1,1,0,1,0
2022,5501,2,0,310,4,4153322,2,17.0,5501,6.8,90,P,6.7,100.0,0,0,1,0,0
2023,8204,1,0,310,4,12381064,2,18.0,8203,6.4,77,P,6.1,86.0,1,0,1,1,0
2018,7401,1,0,610,3,7448890,2,17.0,7401,5.8,93,P,,,1,1,0,1,0
2022,13120,4,0,410,3,25523809,1,16.0,13101,5.6,84,P,,,1,1,0,0,0
2020,13125,2,0,410,3,20993643,2,16.0,13125,4.7,100,P,,,1,1,0,1,0
2024,6302,1,0,410,3,14126660,1,16.0,6302,6.3,99,P,,,1,1,0,1,0
2021,9101,2,0,310,3,25591404,2,16.0,13101,6.4,100,P,,,1,1,0,1,0
2022,4102,5,0,310,3,20391164,1,17.0,4102,6.3,91,P,,,1,1,0,1,0
2024,13201,2,0,410,4,12943310,1,17.0,13301,4.9,80,P,5.7,92.0,1,1,0,1,0
2019,13106,2,0,310,3,23464669,2,17.0,13102,5.8,91,P,,,0,0,1,0,0
2022,13115,1,0,510,4,19540137,1,19.0,13120,5.2,90,P,5.5,85.0,1,1,0,1,0
2020,5101,2,0,310,4,17446216,1,17.0,5101,6.3,100,P,5.2,98.0,1,1,0,1,0
2022,4102,5,0,410,3,24155318,2,18.0,4102,5.5,86,P,,,1,1,0,1,0
2020,9101,2,0,610,3,10382975,2,16.0,9101,5.8,99,P,,,1,1,0,1,0
2023,2101,1,0,510,4,24436688,1,19.0,2101,4.6,65,P,4.9,85.0,1,1,0,1,0
2022,5801,1,0,310,4,17047440,1,18.0,5801,6.6,83,P,6.7,100.0,1,0,1,1,0
2018,6108,1,0,410,4,14404316,2,19.0,6108,0.0,0,Y,6.3,82.0,1,1,0,1,1
2020,8111,4,0,510,4,9494523,1,18.0,8107,5.9,100,P,5.9,88.0,1,1,0,0,0
2019,13110,1,0,610,3,20997926,2,17.0,13110,5.7,69,P,,,1,0,1,1,0
2024,4101,2,0,310,3,6189599,1,16.0,4101,6.7,91,P,,,0,1,0,0,0
2022,9111,2,0,310,3,11896743,2,16.0,9111,5.4,78,P,,,1,0,1,1,0
2022,13601,2,0,310,4,4748074,2,19.0,13601,6.0,100,P,5.3,90.0,1,1,0,1,0
2022,9108,1,0,310,4,1349832,2,17.0,9108,6.3,98,P,6.4,98.0,1,0,1,1,0
2018,13127,1,0,310,3,20231855,2,18.0,13104,5.4,84,P,,,1,0,1,1,0
2017,10208,2,0,410,3,6304796,1,16.0,10208,5.7,98,P,,,1,1,0,1,0
2017,14108,2,1,510,3,11586527,1,16.0,14108,6.2,86,P,,,1,1,0,1,0
2023,4102,2,0,310,3,12171455,2,16.0,4102,6.0,80,P,,,0,0,1,0,0
2023,7405,1,0,610,4,7453537,2,17.0,7404,6.8,92,P,6.8,92.0,1,1,0,1,0
2022,5101,5,0,510,4,5477570,1,18.0,5101,5.2,94,P,5.0,88.0,1,1,0,1,0
2023,13106,2,0,310,4,18105961,2,17.0,13117,6.7,80,P,6.5,83.0,0,1,0,1,0
2020,13125,2,0,310,4,12286296,2,18.0,13125,6.9,94,P,6.3,94.0,0,0,1,0,0
2022,8314,1,1,310,4,3924291,2,18.0,8314,5.6,89,P,6.3,85.0,1,1,0,1,0
2017,4203,2,0,310,4,8254992,1,17.0,4203,5.5,77,P,5.3,92.0,1,1,0,1,0
2021,10203,2,0,810,4,18934053,1,17.0,14203,5.8,40,P,5.5,100.0,1,0,1,1,0
2021,8204,1,0,310,4,3514060,1,17.0,8204,6.4,97,P,6.7,100.0,1,0,1,1,0
2017,2101,2,0,310,3,6239127,2,16.0,2101,6.3,96,P,,,0,1,0,0,0
2022,13127,2,0,310,3,19920557,2,17.0,13127,5.7,95,P,,,0,0,1,0,0
2023,4304,1,0,710,4,3746654,1,17.0,4304,6.4,97,P,6.0,93.0,1,1,0,1,0
2017,3102,1,0,610,3,934895,2,18.0,3102,0.0,0,Y,,,1,1,0,1,1
2022,13119,2,0,310,4,11966027,1,17.0,13119,5.2,95,P,5.5,100.0,0,0,1,0,0
2020,13122,1,0,510,4,16778951,1,18.0,13122,4.0,85,P,4.9,95.0,1,1,0,1,0
2018,13604,2,0,410,4,19938120,2,17.0,13604,6.2,100,P,5.6,99.0,1,0,1,1,0
2020,2201,1,0,310,4,2189534,1,17.0,2201,6.0,85,P,5.3,100.0,1,0,1,1,0
2021,10204,1,0,310,4,17405921,2,17.0,10204,6.5,100,P,6.6,89.0,1,0,1,1,0
2021,9101,1,0,310,4,9243713,2,17.0,9101,6.9,100,P,6.7,95.0,1,0,1,1,0
2018,13101,4,0,410,4,4214433,2,17.0,13106,5.0,86,P,5.5,80.0,1,1,0,0,0
2023,7301,2,0,310,4,7369609,1,17.0,7301,6.3,97,P,6.2,93.0,1,1,0,1,0
2020,15101,5,0,510,4,7380388,1,18.0,15101,6.7,100,P,6.3,100.0,1,1,0,1,0
2017,6310,1,0,410,4,20452703,2,17.0,6309,5.8,97,P,6.0,90.0,1,1,0,1,0
2019,8110,2,0,310,3,2927812,2,16.0,8110,6.9,98,P,,,0,0,1,0,0
2023,7306,1,0,610,3,21047150,2,17.0,7306,5.8,98,P,,,1,1,0,1,0
2020,14203,1,0,310,4,5748450,2,17.0,10208,6.7,100,P,6.3,92.0,1,1,0,1,0
2021,13404,1,0,410,3,26371545,2,16.0,13404,5.2,85,P,,,1,0,1,1,0
2018,13120,2,0,310,4,19408379,1,17.0,13110,5.1,93,P,5.1,95.0,0,1,0,1,0
2020,5601,2,0,510,3,1598832,1,16.0,5603,5.8,87,P,,,1,1,0,1,0
2018,10101,2,0,310,3,2957791,2,16.0,10101,6.2,93,P,,,1,0,1,1,0
2017,6301,1,0,610,4,23181664,1,17.0,6301,5.3,100,P,4.7,100.0,1,0,1,1,0
2018,13301,1,0,610,3,3457634,2,17.0,13301,5.0,95,P,,,1,0,1,1,0
2022,13103,2,0,410,4,839877,2,18.0,13124,5.7,88,P,6.0,85.0,1,1,0,1,0
2018,13109,2,0,610,3,18042221,2,16.0,13112,6.0,100,P,,,1,1,0,1,0
2024,12101,2,0,310,3,17035861,2,16.0,12101,6.2,90,P,,,0,0,1,0,0
2021,8101,5,0,310,4,21537225,1,17.0,8101,5.1,90,P,4.9,85.0,1,0,1,1,0
2021,9115,2,1,610,3,25961100,2,16.0,9115,6.7,100,P,,,1,0,1,1,0
2017,13130,1,0,310,4,7357048,1,18.0,13121,6.1,94,P,6.2,95.0,1,1,0,1,0
2023,8305,1,0,310,3,20271704,1,16.0,8305,6.2,85,P,,,1,0,1,1,0
2022,13128,2,0,310,3,23037855,1,17.0,13128,5.2,62,P,,,1,0,1,1,0
2021,9101,2,0,310,4,24532324,1,19.0,9101,5.6,85,P,6.4,88.0,1,0,1,1,0
2019,14203,1,1,610,4,18188880,1,17.0,14203,5.0,97,P,5.0,97.0,1,0,1,1,0
2018,13201,2,0,310,4,20852833,1,17.0,13201,6.6,97,P,6.3,98.0,0,1,0,1,0
2024,9115,2,0,310,4,847376,1,19.0,9115,5.4,77,P,5.3,31.0,1,1,0,1,0
2017,8112,4,0,510,4,2481566,1,18.0,8112,5.3,83,P,5.8,93.0,0,1,0,0,0
2017,10101,1,0,310,3,20185713,1,16.0,10101,5.6,84,P,,,1,0,1,1,0
2023,7201,1,0,310,4,849669,2,17.0,7203,5.5,85,P,5.3,93.0,1,1,0,1,0
2022,8108,1,0,310,3,13022768,2,16.0,8108,5.6,78,P,,,1,1,0,1,0
2021,10101,2,1,310,4,17307183,1,17.0,10101,6.5,90,P,6.3,90.0,1,0,1,1,0
2021,8206,1,1,310,3,24821581,1,16.0,8206,6.6,100,P,,,1,0,1,1,0
2019,8313,1,0,510,4,8489730,1,19.0,8313,5.1,97,P,4.8,95.0,1,1,0,1,0
2019,8112,4,0,510,3,9126920,1,16.0,8110,5.2,93,P,,,1,1,0,0,0
2017,13104,2,0,310,3,5883716,2,15.0,13108,6.0,97,P,,,1,1,0,1,0
2023,13119,2,0,310,3,24464718,1,16.0,13119,6.0,93,P,,,0,0,1,0,0
2024,13111,2,0,410,3,10338355,1,17.0,13112,3.7,80,R,,,1,1,0,1,0
2022,10102,1,0,310,3,11437046,1,16.0,10102,5.2,90,P,,,1,1,0,1,0
2019,13501,2,0,310,3,18328482,1,17.0,13501,5.6,98,P,,,1,0,1,1,0
2021,9108,1,0,310,4,19729434,2,17.0,9108,6.5,100,P,6.8,97.0,1,1,0,1,0
2019,2101,1,0,310,4,4809969,2,18.0,4301,5.2,79,P,5.3,86.0,1,0,1,1,0
2018,5801,1,0,310,3,11650605,2,16.0,5804,0.0,0,Y,,,1,1,0,1,1
2022,5109,2,0,310,4,13380382,1,17.0,5109,6.0,95,P,5.2,86.0,0,0,1,0,0
2021,5801,1,0,610,3,6768465,2,16.0,5804,5.8,90,P,,,1,0,1,1,0
2023,1101,1,0,510,4,11004216,1,19.0,1101,6.2,97,P,5.9,89.0,1,0,1,1,0
2018,3201,1,0,410,3,11806669,2,17.0,3201,4.7,68,P,,,1,1,0,1,0
2019,5501,2,0,310,3,16541097,2,16.0,5504,5.5,98,P,,,1,1,0,1,0
2020,13101,2,0,310,4,2572693,2,17.0,13101,6.7,100,P,6.2,88.0,1,0,1,1,0
2017,9202,1,0,310,4,19121923,1,18.0,9204,5.6,94,P,5.3,94.0,1,1,0,1,0
2022,13404,2,0,310,3,1527854,2,17.0,13402,6.4,71,P,,,1,1,0,1,0
2018,5301,1,0,310,3,10940585,1,16.0,5302,6.1,89,P,,,1,1,0,1,0
2017,13101,1,0,410,3,11778731,2,16.0,13101,6.1,91,P,,,1,0,1,1,0
2018,13605,2,0,510,3,20754845,2,18.0,13605,5.8,89,P,4.7,91.0,1,0,1,1,0
2020,6303,2,0,310,4,4225131,1,17.0,6303,6.1,100,P,5.5,96.0,1,1,0,1,0
2019,8111,1,0,310,4,12180640,1,18.0,8111,6.5,98,P,6.4,96.0,1,1,0,1,0
2019,12401,2,0,310,4,2875117,2,17.0,12401,6.8,73,P,,,0,1,0,0,0
2022,5603,2,0,310,3,4624845,2,16.0,13129,6.6,89,P,,,1,1,0,1,0
2023,10301,1,0,610,4,17220336,2,17.0,10101,5.3,85,P,5.5,86.0,1,1,0,1,0
2019,10302,1,0,310,4,19456491,1,18.0,10105,5.1,61,P,5.1,61.0,1,1,0,1,0
2023,7107,1,0,610,3,20804563,2,16.0,7107,6.8,85,P,,,1,1,0,1,0
2024,13401,2,0,410,4,10794367,2,17.0,13401,5.8,95,P,5.0,71.0,1,1,0,1,0
2023,13121,1,0,610,4,22739358,1,18.0,12101,0.0,0,Y,,,1,0,1,1,1
2021,1101,2,0,310,4,10458709,1,18.0,1101,6.1,100,P,5.6,100.0,0,0,1,0,0
2017,13106,2,0,510,4,16025240,1,19.0,13106,5.3,86,P,4.7,89.0,1,1,0,1,0
2020,8110,2,0,310,4,4059691,1,17.0,8110,6.7,100,P,5.5,89.0,0,1,0,1,0
2019,7304,2,0,310,4,21031423,1,18.0,7304,5.9,99,P,5.3,91.0,0,1,0,0,0
2018,13124,5,0,510,4,3237061,1,19.0,13124,5.5,100,P,,,1,1,0,1,0
2018,13122,2,0,310,3,20988570,2,16.0,13122,5.9,99,P,,,1,1,0,1,0
2017,7301,2,0,310,3,10577312,1,16.0,7301,5.6,95,P,,,0,1,0,1,0
2020,13126,2,0,310,3,3132132,2,16.0,13126,6.7,85,P,,,1,0,1,1,0
2019,7304,2,1,710,3,6278361,2,16.0,7304,5.1,84,P,,,1,1,0,1,0
2018,5801,2,0,310,3,23185242,1,17.0,5109,5.2,92,P,,,0,0,1,0,0
2020,13302,1,0,510,4,16724639,1,19.0,13302,5.6,100,P,6.4,95.0,1,1,0,0,0
2020,10101,2,0,710,3,14069653,2,16.0,10101,4.0,85,P,,,1,1,0,1,0
2019,6301,1,0,410,4,24670856,2,17.0,6301,5.0,93,P,5.0,97.0,1,1,0,1,0
2023,7301,2,0,310,4,5810984,2,18.0,7301,5.8,72,P,5.9,85.0,0,0,1,0,0
2021,13402,1,0,410,3,7516864,1,18.0,13402,6.1,93,P,,,1,1,0,1,0
2024,13130,2,0,310,4,2844324,2,17.0,13116,6.2,83,P,6.0,88.0,1,1,0,1,0
2024,9114,2,0,310,3,18724886,1,16.0,9114,5.7,100,P,,,1,1,0,1,0
2023,8306,2,0,310,3,6935733,2,16.0,8306,6.6,92,P,,,1,1,0,1,0
2023,8101,2,0,310,3,18049273,2,16.0,8101,6.2,98,P,,,1,0,1,1,0
2018,13112,2,0,310,4,20130860,2,18.0,13101,6.2,95,P,6.2,93.0,1,1,0,1,0
2021,3301,2,0,310,3,23917726,1,16.0,3301,5.3,97,P,,,0,1,0,1,0
2024,1101,2,0,310,4,711987,2,17.0,1101,6.7,94,P,6.8,90.0,1,1,0,1,0
2024,16101,2,0,510,4,10095992,1,17.0,16101,5.7,87,P,6.0,86.0,1,1,0,1,0
2021,13127,2,0,310,4,16881314,1,18.0,13127,3.8,100,R,5.2,100.0,1,1,0,1,0
2017,13106,1,0,310,4,17195433,2,19.0,13119,5.4,60,P,5.9,92.0,1,0,1,1,0
2018,13201,2,0,510,4,6444561,1,17.0,13201,5.2,93,P,4.6,95.0,1,1,0,1,0
2024,7101,1,0,310,3,15534435,2,17.0,7101,5.7,80,P,,,1,1,0,1,0
2018,3101,2,0,610,4,13518666,2,17.0,3101,6.5,99,P,6.5,94.0,0,0,1,0,0
2020,8301,1,0,410,4,4969401,2,18.0,8301,5.9,85,P,5.6,95.0,1,1,0,1,0
2017,11201,1,0,810,3,7098087,1,19.0,11201,6.1,99,P,,,1,1,0,1,0
2018,7101,1,0,410,3,14888471,2,17.0,7101,5.2,22,P,5.1,80.0,1,1,0,1,0
2022,6113,1,0,410,4,22210307,1,17.0,6113,5.5,84,P,5.0,85.0,1,1,0,1,0
2017,5101,1,0,510,4,24120766,1,17.0,5101,6.4,99,P,6.3,97.0,1,1,0,1,0
2019,1107,1,0,610,4,4564596,2,18.0,1107,6.2,88,P,6.5,97.0,1,1,0,1,0
2024,5501,2,0,510,4,15281233,1,17.0,5802,5.2,88,P,6.0,76.0,1,1,0,1,0
2019,13101,2,0,510,4,9699811,1,18.0,5605,5.3,80,P,4.5,76.0,1,0,1,1,0
2021,13201,1,0,510,3,23481802,1,16.0,13201,5.4,45,P,,,1,0,1,1,0
2023,15101,5,0,610,4,13955141,2,18.0,15101,4.7,85,P,4.8,75.0,1,1,0,1,0
2021,13101,1,0,510,4,25551434,1,17.0,13106,4.7,85,P,4.8,85.0,1,1,0,1,0
2024,13110,1,0,310,4,17674772,1,17.0,13110,5.9,90,P,5.7,86.0,1,1,0,1,0
2021,5101,4,0,510,4,12825651,1,19.0,5101,0.0,0,Y,4.5,85.0,1,1,0,0,1
2023,6107,2,0,310,4,24654792,2,17.0,6107,5.7,97,P,5.2,97.0,1,1,0,1,0
2019,5109,2,0,310,4,9019877,2,18.0,5804,6.1,98,P,5.9,98.0,0,1,0,1,0
2021,4102,2,0,310,3,3044798,2,17.0,4102,6.2,86,P,,,0,0,1,0,0
2019,16101,2,1,310,3,384140,1,17.0,16101,5.7,90,P,,,0,1,0,1,0
2021,9209,1,0,610,4,8799611,2,19.0,9209,5.3,85,P,5.6,90.0,1,0,1,1,0
2023,14106,1,0,310,3,17545730,2,16.0,14106,6.1,89,P,,,1,0,1,1,0
2024,16101,1,0,310,4,7165422,2,17.0,16101,6.6,94,P,6.2,95.0,1,1,0,1,0
2024,9101,2,0,310,3,20564180,2,16.0,9101,6.5,93,P,,,1,0,1,1,0
2018,9113,2,0,710,4,18764014,2,18.0,9108,4.8,97,P,5.1,99.0,1,0,1,1,0
2017,4102,1,0,510,4,7182229,2,17.0,4102,5.5,82,P,5.6,91.0,1,1,0,1,0
2024,13122,2,0,310,4,11074470,2,17.0,13122,6.7,98,P,6.5,98.0,1,1,0,1,0
2023,13101,4,0,410,3,10870076,2,16.0,13105,6.0,87,P,,,1,1,0,0,0
2020,1101,2,0,310,4,24646092,1,17.0,1101,6.7,100,P,5.6,99.0,1,1,0,0,0
2023,13101,4,0,410,4,25505472,2,17.0,13108,6.4,80,P,,,1,1,0,0,0
2020,13115,2,0,310,3,24693759,2,16.0,13115,5.5,93,P,,,1,0,1,1,0
2023,13103,2,0,410,3,16716219,2,17.0,13124,6.7,98,P,,,1,0,1,1,0
2022,6310,2,0,310,4,21297659,2,17.0,6310,6.2,91,P,5.5,85.0,0,0,1,0,0
2017,5801,2,0,310,4,61737,2,17.0,5801,6.4,92,P,6.4,88.0,0,1,0,1,0
2024,9108,1,0,610,4,17625398,1,17.0,9108,5.7,96,P,5.6,96.0,1,1,0,1,0
2019,13109,2,0,610,3,2902341,2,16.0,13401,6.7,96,P,,,1,0,1,1,0
2017,13112,2,0,310,3,12307349,1,16.0,13112,5.4,92,P,,,0,1,0,1,0
2020,7301,2,0,610,4,24405890,2,17.0,7301,6.5,85,P,5.7,85.0,1,1,0,1,0
2017,1107,2,0,410,4,3440223,2,17.0,1107,6.1,90,P,5.6,89.0,1,0,1,1,0
2023,8101,4,0,410,4,16231701,2,17.0,8112,6.7,96,P,6.5,83.0,1,1,0,0,0
2024,10102,1,1,310,3,25983090,2,16.0,10101,6.4,93,P,,,1,1,0,1,0
2023,13130,2,0,310,4,16286939,2,17.0,13130,6.1,70,P,5.9,48.0,1,1,0,1,0
2023,6205,1,0,610,4,13379577,2,17.0,6205,6.1,85,P,5.2,85.0,1,1,0,1,0
2017,2101,1,0,610,3,17094449,2,16.0,2101,6.3,87,P,,,1,1,0,1,0
2017,5405,1,0,310,3,14562846,2,16.0,13201,4.9,83,P,,,1,1,0,1,0
2023,9108,1,0,410,4,22916908,1,18.0,13102,6.1,94,P,5.9,84.0,1,1,0,1,0
2020,2201,1,0,510,4,17983030,2,17.0,2201,5.3,85,P,5.3,100.0,1,1,0,1,0
2021,7301,2,0,410,3,4432355,2,16.0,7306,6.7,100,P,,,0,1,0,1,0
2019,9120,1,0,510,3,1619970,2,16.0,9115,5.6,85,P,,,1,1,0,1,0
2021,7303,1,0,310,3,22726942,1,16.0,7303,6.4,99,P,,,1,1,0,1,0
2024,13109,1,0,410,4,4077424,1,17.0,13109,5.2,85,P,5.1,89.0,1,1,0,1,0
2019,13109,4,0,510,4,8216223,1,17.0,13109,5.4,99,P,5.2,99.0,1,1,0,0,0
2021,7101,2,0,510,4,18174734,1,17.0,7109,5.5,100,P,5.5,100.0,1,0,1,1,0
2022,4101,2,0,310,4,15417922,1,17.0,4101,6.3,85,P,6.3,99.0,1,0,1,1,0
2019,8301,1,0,410,3,11163070,2,16.0,8301,6.6,93,P,,,1,1,0,1,0
2024,5109,2,0,310,4,4375904,1,17.0,5109,6.4,78,P,6.1,76.0,0,0,1,0,0
2022,13201,2,1,510,3,14986591,1,16.0,13202,5.0,90,P,,,1,1,0,1,0
2017,4102,2,0,310,4,14886079,2,18.0,4102,5.5,91,P,5.3,94.0,0,0,1,0,0
2023,9211,1,0,610,4,23734608,2,17.0,9204,5.8,99,P,6.2,98.0,1,1,0,1,0
2020,6101,1,0,410,4,14593913,1,17.0,6101,6.0,90,P,5.5,85.0,1,1,0,1,0
2021,13126,2,0,310,3,3251682,2,18.0,13103,0.0,0,Y,0.0,0.0,1,1,0,1,1
2022,8101,5,0,310,3,16261785,2,16.0,8112,6.4,96,P,,,1,0,1,1,0
2022,5603,2,0,310,3,6399910,2,16.0,5603,6.3,93,P,,,1,1,0,1,0
2020,6301,1,0,310,3,9816446,2,17.0,6301,6.5,100,P,,,1,0,1,1,0
2020,13401,2,0,310,3,14051396,2,16.0,13105,6.6,95,P,,,0,1,0,0,0
2020,10102,2,0,310,4,2054281,1,17.0,10102,6.9,100,P,6.3,98.0,1,0,1,1,0
2023,6302,1,0,310,4,7120199,2,17.0,6302,6.8,99,P,6.7,97.0,1,1,0,1,0
2024,13110,2,0,310,3,4254292,1,16.0,13118,5.2,99,P,,,0,1,0,0,0
2024,6301,2,0,410,3,9268382,1,17.0,6301,6.3,83,P,,,1,0,1,1,0
2024,13128,2,0,410,3,5324698,2,18.0,13128,6.1,94,P,,,1,1,0,1,0
2017,13109,2,0,610,4,7905395,2,18.0,13112,3.1,41,R,,,1,1,0,1,0
2022,8106,1,0,310,4,11541054,1,18.0,8106,6.3,95,P,5.9,85.0,1,1,0,1,0
2017,7304,1,0,610,3,944614,1,17.0,7304,0.0,0,Y,,,1,1,0,1,1
2017,13401,2,0,510,3,4928137,1,16.0,13401,6.3,96,P,,,1,1,0,1,0
2018,13302,1,0,310,4,12099186,1,17.0,13302,4.9,85,P,5.0,95.0,1,1,0,0,0
2017,9108,1,0,510,3,24715496,1,16.0,9119,4.8,92,P,,,1,1,0,1,0
2021,4102,5,0,510,4,22029364,1,18.0,4102,4.8,85,P,5.4,100.0,1,1,0,1,0
2022,6101,4,0,510,4,18339461,1,17.0,6101,5.7,83,P,6.1,100.0,1,0,1,0,0
2017,8311,1,0,610,4,17251357,1,17.0,8311,5.6,86,P,5.9,91.0,1,0,1,1,0
2018,9101,2,0,310,3,19728074,2,17.0,9101,5.2,86,P,,,0,1,0,1,0
2023,2101,2,0,310,4,14927547,1,18.0,2101,5.9,90,P,5.9,89.0,0,0,1,0,0
2024,9114,1,0,610,3,12995678,1,17.0,9118,4.9,89,P,4.3,85.0,1,1,0,1,0
2017,8313,1,0,310,3,6290601,1,16.0,8110,5.4,97,P,,,1,1,0,1,0
2017,10202,2,0,310,4,5366729,1,17.0,10202,6.2,98,P,6.0,100.0,1,1,0,1,0
2024,13125,2,0,310,4,17340111,2,17.0,13125,5.6,95,P,5.9,97.0,0,0,1,0,0
2018,7101,1,0,310,4,22453004,1,17.0,7101,6.2,83,P,6.1,96.0,1,1,0,1,0
2017,6301,4,0,610,4,15634148,2,17.0,6301,5.9,95,P,6.1,93.0,0,0,1,0,0
2017,7101,2,0,610,4,4099836,2,17.0,7101,5.5,67,P,5.6,84.0,1,0,1,1,0
2018,13101,1,0,310,4,10713786,2,17.0,13101,6.3,90,P,6.3,91.0,1,0,1,1,0
2023,16101,4,0,710,4,1152160,1,17.0,16302,6.1,98,P,5.9,91.0,1,1,0,0,0
2021,5802,2,0,410,3,2486915,1,17.0,5802,4.9,85,P,,,1,1,0,1,0
2024,9201,1,0,310,4,18840140,1,17.0,9201,5.8,81,P,5.7,91.0,1,0,1,1,0
2022,1101,1,0,310,4,2598455,1,18.0,1101,5.4,92,P,5.5,92.0,1,0,1,1,0
2018,5602,2,0,310,3,14591532,2,16.0,13118,5.7,79,P,,,0,0,1,0,0
2022,13119,1,0,310,4,10372592,2,17.0,13119,6.2,100,P,6.5,93.0,1,1,0,1,0
2019,8110,2,0,310,4,8296496,2,18.0,8101,6.2,46,P,6.1,84.0,0,1,0,1,0
2018,8102,2,0,510,4,21535167,1,17.0,8102,6.5,92,P,6.7,98.0,1,0,1,1,0
2021,2201,1,0,310,3,10532897,1,17.0,2201,5.3,85,P,,,1,1,0,1,0
2017,9102,1,0,310,3,9456176,1,16.0,9116,5.7,95,P,,,1,1,0,1,0
2017,3103,1,0,610,4,2393781,2,19.0,3103,6.0,76,P,6.1,68.0,1,1,0,1,0
2024,7201,1,0,310,4,23066064,1,18.0,7201,6.2,96,P,6.1,93.0,1,1,0,1,0
2018,8301,1,0,410,4,8190727,2,17.0,8301,5.6,98,P,5.2,96.0,1,0,1,1,0
2022,5701,2,0,310,3,7004352,2,16.0,5703,6.9,94,P,,,1,1,0,1,0
2022,13124,2,0,610,4,8431660,2,17.0,13119,6.1,93,P,6.5,99.0,1,0,1,1,0
2019,13101,1,0,310,3,22598886,1,16.0,13101,0.0,0,Y,,,1,1,0,1,1
2024,9111,5,0,310,4,19789366,1,18.0,9111,5.5,96,P,5.3,91.0,1,1,0,1,0
2024,5601,1,0,310,4,8112227,2,17.0,5601,5.9,92,P,5.7,92.0,1,0,1,1,0
2020,10101,1,0,310,4,23813534,2,17.0,10101,6.8,90,P,6.4,91.0,1,0,1,1,0
2024,13128,1,0,510,3,5872196,1,17.0,13128,4.3,56,R,,,1,1,0,1,0
2023,5109,2,0,310,3,9562417,2,19.0,5109,6.2,91,P,,,0,0,1,0,0
2019,14101,1,0,510,4,6524765,1,20.0,14102,5.0,65,P,5.4,86.0,1,0,1,1,0
2020,13127,2,0,410,4,17329636,2,17.0,13127,5.3,94,P,5.8,96.0,1,0,1,1,0
2017,4101,2,0,310,3,5929613,1,18.0,4101,4.9,80,P,,,0,0,1,0,0
2023,13119,2,0,410,4,10755690,2,17.0,13119,6.6,94,P,6.7,91.0,1,1,0,1,0
2021,13127,1,0,310,3,15127976,1,18.0,13101,6.5,100,P,,,1,1,0,1,0
2018,13109,2,0,510,4,18135680,1,17.0,13109,6.8,98,P,6.7,96.0,0,1,0,1,0
2020,11101,2,0,310,3,7075842,2,16.0,11101,6.7,95,P,,,1,1,0,1,0
2020,9112,2,0,610,3,6986312,2,16.0,9105,4.6,90,P,,,1,1,0,1,0
2019,7304,1,0,510,3,23912714,2,19.0,7304,3.7,78,R,,,1,0,1,1,0
2018,5701,4,0,510,3,11122132,1,16.0,5301,6.0,98,P,,,1,0,1,0,0
2024,13401,1,0,310,3,4468820,1,16.0,13401,6.0,95,P,,,1,0,1,1,0
2021,7304,1,0,610,3,8975695,2,16.0,7304,5.5,85,P,,,1,1,0,1,0
2021,5101,5,0,310,3,3357123,2,17.0,5101,6.1,85,P,,,1,0,1,1,0
2020,13301,2,0,510,4,22707602,1,18.0,13301,4.0,85,P,4.9,90.0,1,0,1,1,0
2024,8110,2,0,310,3,23701245,1,17.0,8101,6.5,93,P,,,0,0,1,0,0
2019,7301,2,0,310,4,2919180,1,17.0,7301,6.8,95,P,6.5,94.0,1,1,0,1,0
2017,1107,2,1,610,4,17349735,2,19.0,1107,5.7,86,P,5.1,94.0,1,1,0,1,0
2024,10210,2,0,310,4,7382444,1,17.0,10210,6.8,90,P,6.9,95.0,1,0,1,1,0
2020,5701,4,0,510,4,22103761,1,18.0,5303,4.9,100,P,5.1,85.0,1,1,0,0,0
2020,2201,2,0,310,4,2384075,1,17.0,2201,5.7,85,P,5.8,92.0,1,1,0,1,0
2021,13201,1,0,310,4,4875251,2,17.0,13201,6.7,83,P,5.7,100.0,1,1,0,1,0
2019,6101,1,0,510,4,23777477,1,17.0,6101,6.1,84,P,5.4,95.0,1,0,1,1,0
2021,13119,2,0,410,4,19372321,2,18.0,13119,5.0,85,P,5.2,85.0,1,1,0,1,0
2024,13501,1,0,310,3,11850052,1,16.0,13501,5.6,90,P,,,1,1,0,1,0
2024,8101,2,0,310,3,15589304,2,16.0,8110,6.2,65,P,,,0,1,0,0,0
2017,13126,2,0,510,3,17323101,1,17.0,13117,3.4,24,R,,,1,0,1,1,0
2020,13123,1,0,310,4,1105631,2,17.0,13123,6.8,95,P,6.4,77.0,1,1,0,1,0
2022,14108,2,0,510,3,13914835,1,16.0,13131,5.3,79,P,,,1,1,0,1,0
2020,5801,2,0,310,3,23758730,1,16.0,5801,6.8,100,P,,,0,1,0,0,0
2024,13103,2,0,310,4,22518591,2,18.0,13103,5.6,85,P,6.1,61.0,1,1,0,1,0
2019,13117,2,0,310,3,8397006,2,16.0,13103,6.0,97,P,,,1,1,0,1,0
2024,13601,2,0,310,4,22959274,1,17.0,10301,6.3,97,P,6.1,98.0,1,1,0,1,0
2024,13401,2,0,310,4,16920509,2,17.0,13401,5.7,87,P,5.8,92.0,0,0,1,0,0
2022,7304,1,0,510,3,17174402,1,17.0,7307,5.3,79,P,,,1,1,0,1,0
2022,13121,4,0,510,3,13985993,1,17.0,13121,5.0,66,P,,,1,1,0,0,0
2024,10301,2,0,310,4,5138083,2,17.0,10301,6.8,93,P,6.6,90.0,0,0,1,0,0
2023,13101,2,0,310,3,17616629,1,16.0,13128,6.7,88,P,,,0,1,0,0,0
2017,5109,2,0,510,3,19674966,2,17.0,5109,5.2,90,P,,,0,1,0,1,0
2017,13123,1,0,310,4,6642632,2,17.0,13124,6.2,79,P,6.0,87.0,1,0,1,1,0
2021,5801,1,0,610,3,4948953,2,18.0,5801,6.2,85,P,,,1,0,1,1,0
2019,8110,2,0,310,4,4424776,1,17.0,8110,6.4,99,P,6.1,95.0,0,0,1,0,0
2024,10101,2,0,510,4,27087440,1,17.0,10101,5.4,98,P,5.3,97.0,1,1,0,1,0
2024,8111,1,0,310,3,371942,2,16.0,8111,6.8,98,P,,,1,1,0,1,0
2022,10101,2,0,310,4,1454967,1,17.0,13127,5.6,87,P,6.0,85.0,1,0,1,1,0
2022,8301,2,0,310,4,13205632,1,17.0,16109,6.0,92,P,5.9,95.0,1,1,0,1,0
2021,9112,2,0,610,4,18755058,2,18.0,9112,4.7,85,P,5.3,95.0,1,1,0,1,0
2021,7401,1,0,610,4,3350167,1,18.0,7401,6.3,85,P,6.2,100.0,1,1,0,1,0
2020,9114,2,0,310,3,21112728,1,17.0,9107,6.9,100,P,,,0,0,1,0,0
2019,14204,1,1,310,4,11247047,1,17.0,14204,6.0,95,P,6.2,99.0,1,0,1,1,0
2019,13201,2,0,610,4,21564518,2,17.0,13110,5.5,92,P,5.6,93.0,0,1,0,1,0
2024,7401,2,0,310,4,23478722,1,17.0,7401,6.0,99,P,6.5,98.0,1,1,0,1,0
2020,13105,2,0,410,3,16081383,2,16.0,13116,6.0,100,P,,,0,0,1,0,0
2019,7101,1,0,410,3,1360724,1,17.0,7101,5.5,94,P,,,1,1,0,1,0
2020,2101,2,0,510,3,17057945,1,16.0,2101,6.2,100,P,,,0,1,0,1,0
2022,5402,1,0,510,4,620259,1,17.0,5402,5.3,95,P,5.2,100.0,1,1,0,1,0
2021,5804,1,0,610,4,3906015,2,18.0,5804,5.8,85,P,5.0,100.0,1,1,0,1,0
2019,13114,2,0,310,4,17917021,2,17.0,13104,5.3,89,P,5.9,97.0,0,1,0,1,0
2024,14102,1,0,310,4,14833565,2,17.0,14102,6.1,88,P,6.1,88.0,1,1,0,1,0
2022,7102,1,0,310,4,6620708,1,17.0,7102,6.6,81,P,6.3,90.0,1,1,0,1,0
2021,13301,2,0,310,4,12494755,1,17.0,13301,4.5,100,P,5.2,100.0,1,0,1,1,0
2021,10105,5,0,510,3,10385161,1,16.0,10107,0.0,0,Y,,,1,1,0,1,1
2021,8102,1,0,310,3,6718193,2,16.0,8102,6.1,90,P,,,1,1,0,1,0
2022,5601,2,0,310,3,15797671,2,16.0,5601,6.8,91,P,,,0,1,0,1,0
2020,8107,1,0,310,4,24252894,2,18.0,8107,6.1,100,P,6.0,99.0,1,1,0,1,0
2024,13110,2,0,310,3,12983458,2,17.0,13110,6.7,82,P,,,0,0,1,0,0
2021,3202,5,0,510,3,6716494,1,16.0,3202,5.8,85,P,,,1,1,0,1,0
2017,13125,2,0,310,3,6846409,2,16.0,13128,5.8,90,P,,,0,0,1,0,0
2017,8418,1,1,610,3,14926229,1,16.0,8418,5.7,98,P,,,1,1,0,1,0
2021,4101,2,0,510,3,12681841,2,16.0,4101,6.3,85,P,,,1,1,0,1,0
2023,6305,5,0,710,4,11160059,1,17.0,6305,4.9,94,P,5.3,73.0,1,1,0,1,0
2022,15101,5,0,410,3,6734424,2,16.0,15101,6.8,94,P,,,1,1,0,1,0
2019,13130,2,0,310,4,2568824,2,18.0,13130,6.4,25,P,6.0,79.0,0,1,0,1,0
2018,13106,1,0,310,4,23196947,1,17.0,13106,5.7,79,P,5.5,83.0,1,0,1,1,0
2018,14202,2,0,310,4,24605732,2,18.0,14202,4.9,89,P,4.9,96.0,1,1,0,1,0
2024,16109,1,0,310,4,3277003,1,17.0,9202,6.6,93,P,6.0,93.0,1,1,0,1,0
2019,7301,2,0,510,4,1858853,1,17.0,13125,6.6,100,P,6.5,100.0,1,0,1,1,0
2024,7308,2,0,610,4,11983298,2,17.0,7301,6.2,95,P,6.0,92.0,1,1,0,1,0
2024,13120,4,0,510,3,14323878,1,17.0,13119,5.4,94,P,,,1,0,1,0,0
2020,8101,2,0,510,3,18351415,1,16.0,8101,6.6,100,P,,,1,1,0,1,0
2022,10101,2,0,610,3,10893615,2,17.0,10101,6.2,79,P,,,1,1,0,1,0
2018,6303,1,0,610,4,10273383,2,17.0,6303,5.5,89,P,5.5,93.0,1,1,0,1,0
2024,10101,1,0,510,3,2248245,1,17.0,10101,6.2,86,P,,,1,1,0,1,0
2017,8401,1,0,310,3,23889285,2,16.0,9104,5.8,91,P,,,1,1,0,1,0
2017,10203,2,0,810,3,23069930,1,16.0,10203,5.2,92,P,,,1,0,1,1,0
2021,13119,1,0,310,4,15718097,2,17.0,13119,6.3,93,P,6.8,100.0,1,1,0,1,0
2022,6116,2,0,310,4,22648851,1,17.0,6116,6.4,94,P,5.6,85.0,0,1,0,1,0
2018,16301,2,0,310,3,9192082,1,17.0,16301,5.3,93,P,,,1,1,0,1,0
2020,4202,1,0,710,4,24346410,1,17.0,4202,6.3,91,P,6.3,96.0,1,1,0,1,0
2023,10301,2,0,310,3,1006026,2,16.0,10301,6.1,89,P,,,1,0,1,1,0
2020,14202,2,0,610,3,6903686,2,16.0,14107,6.3,100,P,,,1,1,0,1,0
2023,8301,2,0,410,4,11299692,1,18.0,9208,4.7,48,P,4.8,94.0,1,1,0,1,0
2022,8110,2,0,310,4,7176057,2,17.0,8110,6.8,80,P,6.7,88.0,0,1,0,0,0
2023,4101,2,0,310,3,12837175,2,16.0,4101,5.8,93,P,,,1,0,1,1,0
2018,7401,1,0,310,4,7433543,2,17.0,7401,6.4,95,P,6.2,92.0,1,0,1,1,0
2019,13123,2,0,510,4,11093840,2,19.0,13122,5.3,86,P,5.0,90.0,0,0,1,0,0
2020,8110,2,0,310,4,6544661,1,17.0,8110,6.4,100,P,6.1,98.0,1,0,1,1,0
2018,6101,2,0,310,4,2371277,1,17.0,6101,5.7,100,P,5.7,99.0,0,0,1,0,0
2023,16305,1,0,310,4,13080461,2,17.0,16305,6.8,98,P,6.5,97.0,1,1,0,1,0
2023,13112,2,0,510,3,4188200,1,17.0,13110,5.1,80,P,,,1,1,0,1,0
2019,2101,1,0,310,4,23996161,2,17.0,2101,5.7,95,P,5.8,97.0,1,0,1,1,0
2024,9109,1,0,610,3,1468661,2,16.0,8108,6.0,97,P,,,1,1,0,1,0
2018,1405,1,0,510,3,11233419,1,16.0,1405,6.4,100,P,,,1,1,0,1,0
2024,2203,1,0,510,3,25737068,1,17.0,2201,5.8,99,P,,,1,1,0,1,0
2022,13602,1,0,310,4,2139818,2,19.0,13602,5.4,85,P,5.4,87.0,1,0,1,1,0
2020,13401,2,0,410,4,18895036,1,17.0,13401,6.6,100,P,6.0,97.0,1,1,0,1,0
2022,13302,2,0,310,4,21548469,2,17.0,13104,5.7,85,P,5.4,85.0,1,1,0,1,0
2020,9101,1,0,410,4,1838962,1,17.0,9110,6.3,95,P,6.3,93.0,1,0,1,1,0
2024,13605,2,0,310,4,9807487,1,18.0,13605,5.7,95,P,5.0,96.0,0,0,1,0,0
2023,13401,2,0,310,3,14920439,2,17.0,13105,4.9,99,P,,,0,0,1,0,0
2024,13104,2,0,310,3,27589371,1,16.0,13108,5.7,93,P,,,1,0,1,1,0
2021,9101,2,0,310,4,1481878,1,17.0,9101,6.3,90,P,6.6,90.0,1,0,1,1,0
2022,13123,1,0,310,4,3375965,2,17.0,13123,6.3,84,P,5.2,59.0,1,1,0,1,0
2017,5101,1,0,410,3,427571,1,16.0,5101,5.5,90,P,,,1,0,1,1,0
2017,6116,2,0,310,3,3439373,2,16.0,6101,5.6,82,P,,,0,1,0,1,0
2019,7101,2,0,310,4,19368307,1,17.0,7101,5.8,97,P,5.6,99.0,0,0,1,0,0
2021,5705,2,0,310,3,13632911,2,16.0,5705,5.9,100,P,,,0,1,0,1,0
2020,13109,2,0,510,4,18835328,1,17.0,13112,5.0,90,P,4.9,96.0,1,1,0,1,0
2023,13601,2,0,310,4,23333666,1,18.0,5603,5.5,97,P,5.7,95.0,0,1,0,1,0
2021,7101,1,0,310,3,24125738,2,16.0,7101,6.3,90,P,,,1,0,1,1,0
2017,8301,1,0,510,4,16934602,1,17.0,8301,5.4,90,P,5.8,86.0,1,0,1,1,0
2017,8314,1,1,610,3,17368256,2,16.0,8314,5.4,78,P,,,1,1,0,1,0
2023,13201,2,0,310,4,12317173,1,17.0,5801,5.8,85,P,,,1,1,0,1,0
2020,13402,2,0,310,3,15790637,2,17.0,13402,6.6,85,P,,,1,1,0,1,0
2017,13108,2,0,310,3,9124695,2,16.0,13128,6.6,100,P,,,1,0,1,1,0
2021,13601,1,0,410,3,8121004,2,16.0,13601,4.4,85,P,,,1,1,0,1,0
2023,9102,5,0,310,4,23875443,2,17.0,9102,6.6,96,P,6.9,98.0,1,1,0,1,0
2022,4204,2,0,310,4,23486293,1,17.0,4204,5.3,100,P,5.0,85.0,1,1,0,1,0
2021,13130,2,0,310,4,2673666,1,18.0,13130,5.2,85,P,6.1,100.0,1,1,0,1,0
2019,10301,2,0,710,3,1509933,1,16.0,10301,5.9,86,P,,,1,1,0,1,0
2023,7101,1,0,310,3,20781494,1,16.0,7101,6.7,99,P,,,1,0,1,1,0
2022,3301,5,0,510,3,13229678,1,16.0,3301,5.3,85,P,,,1,1,0,1,0
2021,5501,2,0,310,3,15841466,2,16.0,5501,6.1,96,P,,,0,0,1,0,0
2024,10101,2,0,310,3,22630042,2,16.0,10101,5.6,93,P,,,0,1,0,0,0
2023,10101,2,0,310,4,11302098,1,17.0,10101,5.9,95,P,5.6,91.0,1,0,1,1,0
2017,8102,2,0,510,4,19104828,1,18.0,8102,5.8,92,P,5.8,99.0,1,1,0,1,0
